EAN,sku,gyartoi_cikkszam,post_title,kiszereles _kg,short_name,prod_cat,product_cat,post_content,published,catalog_visibility,regular_price,crosssell_skus,images
3182550743464,128530,3972000500, ROYAL CANIN YORKSHIRE TERRIER JUNIOR - Yorkshire Terrier kölyök kutya száraz táp  ,0.5,YORKSHIRE TERRIER PUPPY,BHN,Kutya száraz tápok,,,visible,1753,,https://github.com/totapp91/Royal-Canin/raw/main/Royal%20Canin%20kutya%20eledelek/BHN%20-%20Breed%20Health%20Nutrition/BHN%20-%20DRY/Yorkshire%20Terrier%20Puppy%20dry/RC-BHN-Yorkshire-Terrier-Puppy-dry%20(1).jpg|https://github.com/totapp91/Royal-Canin/raw/main/Royal%20Canin%20kutya%20eledelek/BHN%20-%20Breed%20Health%20Nutrition/BHN%20-%20DRY/Yorkshire%20Terrier%20Puppy%20dry/RC-BHN-Yorkshire-Terrier-Puppy-dry%20(1).png|https://github.com/totapp91/Royal-Canin/raw/main/Royal%20Canin%20kutya%20eledelek/BHN%20-%20Breed%20Health%20Nutrition/BHN%20-%20DRY/Yorkshire%20Terrier%20Puppy%20dry/RC-BHN-Yorkshire-Terrier-Puppy-dry%20(2).jpg|https://github.com/totapp91/Royal-Canin/raw/main/Royal%20Canin%20kutya%20eledelek/BHN%20-%20Breed%20Health%20Nutrition/BHN%20-%20DRY/Yorkshire%20Terrier%20Puppy%20dry/RC-BHN-Yorkshire-Terrier-Puppy-dry%20(2).png|https://github.com/totapp91/Royal-Canin/raw/main/Royal%20Canin%20kutya%20eledelek/BHN%20-%20Breed%20Health%20Nutrition/BHN%20-%20DRY/Yorkshire%20Terrier%20Puppy%20dry/RC-BHN-Yorkshire-Terrier-Puppy-dry%20(3).jpg|https://github.com/totapp91/Royal-Canin/raw/main/Royal%20Canin%20kutya%20eledelek/BHN%20-%20Breed%20Health%20Nutrition/BHN%20-%20DRY/Yorkshire%20Terrier%20Puppy%20dry/RC-BHN-Yorkshire-Terrier-Puppy-dry%20(4).jpg|https://github.com/totapp91/Royal-Canin/raw/main/Royal%20Canin%20kutya%20eledelek/BHN%20-%20Breed%20Health%20Nutrition/BHN%20-%20DRY/Yorkshire%20Terrier%20Puppy%20dry/RC-BHN-Yorkshire-Terrier-Puppy-dry%20(5).jpg|https://github.com/totapp91/Royal-Canin/raw/main/Royal%20Canin%20kutya%20eledelek/BHN%20-%20Breed%20Health%20Nutrition/BHN%20-%20DRY/Yorkshire%20Terrier%20Puppy%20dry/RC-BHN-Yorkshire-Terrier-Puppy-dry%20(6).jpg|https://github.com/totapp91/Royal-Canin/raw/main/Royal%20Canin%20kutya%20eledelek/BHN%20-%20Breed%20Health%20Nutrition/BHN%20-%20DRY/Yorkshire%20Terrier%20Puppy%20dry/RC-BHN-Yorkshire-Terrier-Puppy-dry%20(7).jpg
3182550743471,128540,3972001500, ROYAL CANIN YORKSHIRE TERRIER JUNIOR - Yorkshire Terrier kölyök kutya száraz táp  ,1.5,YORKSHIRE TERRIER PUPPY,BHN,Kutya száraz tápok,,,visible,4382,,https://github.com/totapp91/Royal-Canin/raw/main/Royal%20Canin%20kutya%20eledelek/BHN%20-%20Breed%20Health%20Nutrition/BHN%20-%20DRY/Yorkshire%20Terrier%20Puppy%20dry/RC-BHN-Yorkshire-Terrier-Puppy-dry%20(1).jpg|https://github.com/totapp91/Royal-Canin/raw/main/Royal%20Canin%20kutya%20eledelek/BHN%20-%20Breed%20Health%20Nutrition/BHN%20-%20DRY/Yorkshire%20Terrier%20Puppy%20dry/RC-BHN-Yorkshire-Terrier-Puppy-dry%20(1).png|https://github.com/totapp91/Royal-Canin/raw/main/Royal%20Canin%20kutya%20eledelek/BHN%20-%20Breed%20Health%20Nutrition/BHN%20-%20DRY/Yorkshire%20Terrier%20Puppy%20dry/RC-BHN-Yorkshire-Terrier-Puppy-dry%20(2).jpg|https://github.com/totapp91/Royal-Canin/raw/main/Royal%20Canin%20kutya%20eledelek/BHN%20-%20Breed%20Health%20Nutrition/BHN%20-%20DRY/Yorkshire%20Terrier%20Puppy%20dry/RC-BHN-Yorkshire-Terrier-Puppy-dry%20(2).png|https://github.com/totapp91/Royal-Canin/raw/main/Royal%20Canin%20kutya%20eledelek/BHN%20-%20Breed%20Health%20Nutrition/BHN%20-%20DRY/Yorkshire%20Terrier%20Puppy%20dry/RC-BHN-Yorkshire-Terrier-Puppy-dry%20(3).jpg|https://github.com/totapp91/Royal-Canin/raw/main/Royal%20Canin%20kutya%20eledelek/BHN%20-%20Breed%20Health%20Nutrition/BHN%20-%20DRY/Yorkshire%20Terrier%20Puppy%20dry/RC-BHN-Yorkshire-Terrier-Puppy-dry%20(4).jpg|https://github.com/totapp91/Royal-Canin/raw/main/Royal%20Canin%20kutya%20eledelek/BHN%20-%20Breed%20Health%20Nutrition/BHN%20-%20DRY/Yorkshire%20Terrier%20Puppy%20dry/RC-BHN-Yorkshire-Terrier-Puppy-dry%20(5).jpg|https://github.com/totapp91/Royal-Canin/raw/main/Royal%20Canin%20kutya%20eledelek/BHN%20-%20Breed%20Health%20Nutrition/BHN%20-%20DRY/Yorkshire%20Terrier%20Puppy%20dry/RC-BHN-Yorkshire-Terrier-Puppy-dry%20(6).jpg|https://github.com/totapp91/Royal-Canin/raw/main/Royal%20Canin%20kutya%20eledelek/BHN%20-%20Breed%20Health%20Nutrition/BHN%20-%20DRY/Yorkshire%20Terrier%20Puppy%20dry/RC-BHN-Yorkshire-Terrier-Puppy-dry%20(7).jpg
3182550811422,188780,3972007500, ROYAL CANIN YORKSHIRE TERRIER JUNIOR - Yorkshire Terrier kölyök kutya száraz táp  ,7.5,YORKSHIRE TERRIER PUPPY,BHN,Kutya száraz tápok,,,visible,18237,,https://github.com/totapp91/Royal-Canin/raw/main/Royal%20Canin%20kutya%20eledelek/BHN%20-%20Breed%20Health%20Nutrition/BHN%20-%20DRY/Yorkshire%20Terrier%20Puppy%20dry/RC-BHN-Yorkshire-Terrier-Puppy-dry%20(1).jpg|https://github.com/totapp91/Royal-Canin/raw/main/Royal%20Canin%20kutya%20eledelek/BHN%20-%20Breed%20Health%20Nutrition/BHN%20-%20DRY/Yorkshire%20Terrier%20Puppy%20dry/RC-BHN-Yorkshire-Terrier-Puppy-dry%20(1).png|https://github.com/totapp91/Royal-Canin/raw/main/Royal%20Canin%20kutya%20eledelek/BHN%20-%20Breed%20Health%20Nutrition/BHN%20-%20DRY/Yorkshire%20Terrier%20Puppy%20dry/RC-BHN-Yorkshire-Terrier-Puppy-dry%20(2).jpg|https://github.com/totapp91/Royal-Canin/raw/main/Royal%20Canin%20kutya%20eledelek/BHN%20-%20Breed%20Health%20Nutrition/BHN%20-%20DRY/Yorkshire%20Terrier%20Puppy%20dry/RC-BHN-Yorkshire-Terrier-Puppy-dry%20(2).png|https://github.com/totapp91/Royal-Canin/raw/main/Royal%20Canin%20kutya%20eledelek/BHN%20-%20Breed%20Health%20Nutrition/BHN%20-%20DRY/Yorkshire%20Terrier%20Puppy%20dry/RC-BHN-Yorkshire-Terrier-Puppy-dry%20(3).jpg|https://github.com/totapp91/Royal-Canin/raw/main/Royal%20Canin%20kutya%20eledelek/BHN%20-%20Breed%20Health%20Nutrition/BHN%20-%20DRY/Yorkshire%20Terrier%20Puppy%20dry/RC-BHN-Yorkshire-Terrier-Puppy-dry%20(4).jpg|https://github.com/totapp91/Royal-Canin/raw/main/Royal%20Canin%20kutya%20eledelek/BHN%20-%20Breed%20Health%20Nutrition/BHN%20-%20DRY/Yorkshire%20Terrier%20Puppy%20dry/RC-BHN-Yorkshire-Terrier-Puppy-dry%20(5).jpg|https://github.com/totapp91/Royal-Canin/raw/main/Royal%20Canin%20kutya%20eledelek/BHN%20-%20Breed%20Health%20Nutrition/BHN%20-%20DRY/Yorkshire%20Terrier%20Puppy%20dry/RC-BHN-Yorkshire-Terrier-Puppy-dry%20(6).jpg|https://github.com/totapp91/Royal-Canin/raw/main/Royal%20Canin%20kutya%20eledelek/BHN%20-%20Breed%20Health%20Nutrition/BHN%20-%20DRY/Yorkshire%20Terrier%20Puppy%20dry/RC-BHN-Yorkshire-Terrier-Puppy-dry%20(7).jpg
3182550710046,128590,3051000500, ROYAL CANIN YORKSHIRE TERRIER ADULT - Yorkshire Terrier felnőtt kutya száraz táp  ,0.5,YORKSHIRE TERRIER ADULT,BHN,Kutya száraz tápok,,,visible,1651,,https://github.com/totapp91/Royal-Canin/raw/main/Royal%20Canin%20kutya%20eledelek/BHN%20-%20Breed%20Health%20Nutrition/BHN%20-%20DRY/Yorkshire%20Terrier%20Adult%20dry/RC-BHN-Yorkshire-Terrier-Adult-dry%20(1).jpg|https://github.com/totapp91/Royal-Canin/raw/main/Royal%20Canin%20kutya%20eledelek/BHN%20-%20Breed%20Health%20Nutrition/BHN%20-%20DRY/Yorkshire%20Terrier%20Adult%20dry/RC-BHN-Yorkshire-Terrier-Adult-dry%20(1).png|https://github.com/totapp91/Royal-Canin/raw/main/Royal%20Canin%20kutya%20eledelek/BHN%20-%20Breed%20Health%20Nutrition/BHN%20-%20DRY/Yorkshire%20Terrier%20Adult%20dry/RC-BHN-Yorkshire-Terrier-Adult-dry%20(2).jpg|https://github.com/totapp91/Royal-Canin/raw/main/Royal%20Canin%20kutya%20eledelek/BHN%20-%20Breed%20Health%20Nutrition/BHN%20-%20DRY/Yorkshire%20Terrier%20Adult%20dry/RC-BHN-Yorkshire-Terrier-Adult-dry%20(2).png|https://github.com/totapp91/Royal-Canin/raw/main/Royal%20Canin%20kutya%20eledelek/BHN%20-%20Breed%20Health%20Nutrition/BHN%20-%20DRY/Yorkshire%20Terrier%20Adult%20dry/RC-BHN-Yorkshire-Terrier-Adult-dry%20(3).jpg|https://github.com/totapp91/Royal-Canin/raw/main/Royal%20Canin%20kutya%20eledelek/BHN%20-%20Breed%20Health%20Nutrition/BHN%20-%20DRY/Yorkshire%20Terrier%20Adult%20dry/RC-BHN-Yorkshire-Terrier-Adult-dry%20(4).jpg|https://github.com/totapp91/Royal-Canin/raw/main/Royal%20Canin%20kutya%20eledelek/BHN%20-%20Breed%20Health%20Nutrition/BHN%20-%20DRY/Yorkshire%20Terrier%20Adult%20dry/RC-BHN-Yorkshire-Terrier-Adult-dry%20(5).jpg|https://github.com/totapp91/Royal-Canin/raw/main/Royal%20Canin%20kutya%20eledelek/BHN%20-%20Breed%20Health%20Nutrition/BHN%20-%20DRY/Yorkshire%20Terrier%20Adult%20dry/RC-BHN-Yorkshire-Terrier-Adult-dry%20(6).jpg
3182550716857,128610,3051001500, ROYAL CANIN YORKSHIRE TERRIER ADULT - Yorkshire Terrier felnőtt kutya száraz táp  ,1.5,YORKSHIRE TERRIER ADULT,BHN,Kutya száraz tápok,,,visible,4229,,https://github.com/totapp91/Royal-Canin/raw/main/Royal%20Canin%20kutya%20eledelek/BHN%20-%20Breed%20Health%20Nutrition/BHN%20-%20DRY/Yorkshire%20Terrier%20Adult%20dry/RC-BHN-Yorkshire-Terrier-Adult-dry%20(1).jpg|https://github.com/totapp91/Royal-Canin/raw/main/Royal%20Canin%20kutya%20eledelek/BHN%20-%20Breed%20Health%20Nutrition/BHN%20-%20DRY/Yorkshire%20Terrier%20Adult%20dry/RC-BHN-Yorkshire-Terrier-Adult-dry%20(1).png|https://github.com/totapp91/Royal-Canin/raw/main/Royal%20Canin%20kutya%20eledelek/BHN%20-%20Breed%20Health%20Nutrition/BHN%20-%20DRY/Yorkshire%20Terrier%20Adult%20dry/RC-BHN-Yorkshire-Terrier-Adult-dry%20(2).jpg|https://github.com/totapp91/Royal-Canin/raw/main/Royal%20Canin%20kutya%20eledelek/BHN%20-%20Breed%20Health%20Nutrition/BHN%20-%20DRY/Yorkshire%20Terrier%20Adult%20dry/RC-BHN-Yorkshire-Terrier-Adult-dry%20(2).png|https://github.com/totapp91/Royal-Canin/raw/main/Royal%20Canin%20kutya%20eledelek/BHN%20-%20Breed%20Health%20Nutrition/BHN%20-%20DRY/Yorkshire%20Terrier%20Adult%20dry/RC-BHN-Yorkshire-Terrier-Adult-dry%20(3).jpg|https://github.com/totapp91/Royal-Canin/raw/main/Royal%20Canin%20kutya%20eledelek/BHN%20-%20Breed%20Health%20Nutrition/BHN%20-%20DRY/Yorkshire%20Terrier%20Adult%20dry/RC-BHN-Yorkshire-Terrier-Adult-dry%20(4).jpg|https://github.com/totapp91/Royal-Canin/raw/main/Royal%20Canin%20kutya%20eledelek/BHN%20-%20Breed%20Health%20Nutrition/BHN%20-%20DRY/Yorkshire%20Terrier%20Adult%20dry/RC-BHN-Yorkshire-Terrier-Adult-dry%20(5).jpg|https://github.com/totapp91/Royal-Canin/raw/main/Royal%20Canin%20kutya%20eledelek/BHN%20-%20Breed%20Health%20Nutrition/BHN%20-%20DRY/Yorkshire%20Terrier%20Adult%20dry/RC-BHN-Yorkshire-Terrier-Adult-dry%20(6).jpg
3182550716925,127950,3051007500, ROYAL CANIN YORKSHIRE TERRIER ADULT - Yorkshire Terrier felnőtt kutya száraz táp  ,7.5,YORKSHIRE TERRIER ADULT,BHN,Kutya száraz tápok,,,visible,16574,,https://github.com/totapp91/Royal-Canin/raw/main/Royal%20Canin%20kutya%20eledelek/BHN%20-%20Breed%20Health%20Nutrition/BHN%20-%20DRY/Yorkshire%20Terrier%20Adult%20dry/RC-BHN-Yorkshire-Terrier-Adult-dry%20(1).jpg|https://github.com/totapp91/Royal-Canin/raw/main/Royal%20Canin%20kutya%20eledelek/BHN%20-%20Breed%20Health%20Nutrition/BHN%20-%20DRY/Yorkshire%20Terrier%20Adult%20dry/RC-BHN-Yorkshire-Terrier-Adult-dry%20(1).png|https://github.com/totapp91/Royal-Canin/raw/main/Royal%20Canin%20kutya%20eledelek/BHN%20-%20Breed%20Health%20Nutrition/BHN%20-%20DRY/Yorkshire%20Terrier%20Adult%20dry/RC-BHN-Yorkshire-Terrier-Adult-dry%20(2).jpg|https://github.com/totapp91/Royal-Canin/raw/main/Royal%20Canin%20kutya%20eledelek/BHN%20-%20Breed%20Health%20Nutrition/BHN%20-%20DRY/Yorkshire%20Terrier%20Adult%20dry/RC-BHN-Yorkshire-Terrier-Adult-dry%20(2).png|https://github.com/totapp91/Royal-Canin/raw/main/Royal%20Canin%20kutya%20eledelek/BHN%20-%20Breed%20Health%20Nutrition/BHN%20-%20DRY/Yorkshire%20Terrier%20Adult%20dry/RC-BHN-Yorkshire-Terrier-Adult-dry%20(3).jpg|https://github.com/totapp91/Royal-Canin/raw/main/Royal%20Canin%20kutya%20eledelek/BHN%20-%20Breed%20Health%20Nutrition/BHN%20-%20DRY/Yorkshire%20Terrier%20Adult%20dry/RC-BHN-Yorkshire-Terrier-Adult-dry%20(4).jpg|https://github.com/totapp91/Royal-Canin/raw/main/Royal%20Canin%20kutya%20eledelek/BHN%20-%20Breed%20Health%20Nutrition/BHN%20-%20DRY/Yorkshire%20Terrier%20Adult%20dry/RC-BHN-Yorkshire-Terrier-Adult-dry%20(5).jpg|https://github.com/totapp91/Royal-Canin/raw/main/Royal%20Canin%20kutya%20eledelek/BHN%20-%20Breed%20Health%20Nutrition/BHN%20-%20DRY/Yorkshire%20Terrier%20Adult%20dry/RC-BHN-Yorkshire-Terrier-Adult-dry%20(6).jpg
3182550718783,128090,2200000500, ROYAL CANIN SHIH TZU ADULT - Shih Tzu felnőtt kutya száraz táp  ,0.5,SHIH TZU ADULT,BHN,Kutya száraz tápok,,,visible,1651,,https://github.com/totapp91/Royal-Canin/raw/main/Royal%20Canin%20kutya%20eledelek/BHN%20-%20Breed%20Health%20Nutrition/BHN%20-%20DRY/Shih%20Tzu%20Adult%20dry/RC-BHN-Shih-Tzu-Adult-dry%20(1).jpg|https://github.com/totapp91/Royal-Canin/raw/main/Royal%20Canin%20kutya%20eledelek/BHN%20-%20Breed%20Health%20Nutrition/BHN%20-%20DRY/Shih%20Tzu%20Adult%20dry/RC-BHN-Shih-Tzu-Adult-dry%20(1).png|https://github.com/totapp91/Royal-Canin/raw/main/Royal%20Canin%20kutya%20eledelek/BHN%20-%20Breed%20Health%20Nutrition/BHN%20-%20DRY/Shih%20Tzu%20Adult%20dry/RC-BHN-Shih-Tzu-Adult-dry%20(2).jpg|https://github.com/totapp91/Royal-Canin/raw/main/Royal%20Canin%20kutya%20eledelek/BHN%20-%20Breed%20Health%20Nutrition/BHN%20-%20DRY/Shih%20Tzu%20Adult%20dry/RC-BHN-Shih-Tzu-Adult-dry%20(2).png|https://github.com/totapp91/Royal-Canin/raw/main/Royal%20Canin%20kutya%20eledelek/BHN%20-%20Breed%20Health%20Nutrition/BHN%20-%20DRY/Shih%20Tzu%20Adult%20dry/RC-BHN-Shih-Tzu-Adult-dry%20(3).jpg
3182550743228,128110,2200001500, ROYAL CANIN SHIH TZU ADULT - Shih Tzu felnőtt kutya száraz táp  ,1.5,SHIH TZU ADULT,BHN,Kutya száraz tápok,,,visible,4229,,https://github.com/totapp91/Royal-Canin/raw/main/Royal%20Canin%20kutya%20eledelek/BHN%20-%20Breed%20Health%20Nutrition/BHN%20-%20DRY/Shih%20Tzu%20Adult%20dry/RC-BHN-Shih-Tzu-Adult-dry%20(1).jpg|https://github.com/totapp91/Royal-Canin/raw/main/Royal%20Canin%20kutya%20eledelek/BHN%20-%20Breed%20Health%20Nutrition/BHN%20-%20DRY/Shih%20Tzu%20Adult%20dry/RC-BHN-Shih-Tzu-Adult-dry%20(1).png|https://github.com/totapp91/Royal-Canin/raw/main/Royal%20Canin%20kutya%20eledelek/BHN%20-%20Breed%20Health%20Nutrition/BHN%20-%20DRY/Shih%20Tzu%20Adult%20dry/RC-BHN-Shih-Tzu-Adult-dry%20(2).jpg|https://github.com/totapp91/Royal-Canin/raw/main/Royal%20Canin%20kutya%20eledelek/BHN%20-%20Breed%20Health%20Nutrition/BHN%20-%20DRY/Shih%20Tzu%20Adult%20dry/RC-BHN-Shih-Tzu-Adult-dry%20(2).png|https://github.com/totapp91/Royal-Canin/raw/main/Royal%20Canin%20kutya%20eledelek/BHN%20-%20Breed%20Health%20Nutrition/BHN%20-%20DRY/Shih%20Tzu%20Adult%20dry/RC-BHN-Shih-Tzu-Adult-dry%20(3).jpg
3182550813075,190520,4130000500, ROYAL CANIN PUG JUNIOR - Mopsz kölyök kutya száraz táp  ,0.5,PUG JUNIOR,BHN,Kutya száraz tápok,,,visible,1753,,https://github.com/totapp91/Royal-Canin/raw/main/Royal%20Canin%20kutya%20eledelek/BHN%20-%20Breed%20Health%20Nutrition/BHN%20-%20DRY/Pug%20Puppy%20dry/RC-BHN-Pug-Puppy-dry%20(1).jpg|https://github.com/totapp91/Royal-Canin/raw/main/Royal%20Canin%20kutya%20eledelek/BHN%20-%20Breed%20Health%20Nutrition/BHN%20-%20DRY/Pug%20Puppy%20dry/RC-BHN-Pug-Puppy-dry%20(1).png|https://github.com/totapp91/Royal-Canin/raw/main/Royal%20Canin%20kutya%20eledelek/BHN%20-%20Breed%20Health%20Nutrition/BHN%20-%20DRY/Pug%20Puppy%20dry/RC-BHN-Pug-Puppy-dry%20(2).jpg|https://github.com/totapp91/Royal-Canin/raw/main/Royal%20Canin%20kutya%20eledelek/BHN%20-%20Breed%20Health%20Nutrition/BHN%20-%20DRY/Pug%20Puppy%20dry/RC-BHN-Pug-Puppy-dry%20(2).png|https://github.com/totapp91/Royal-Canin/raw/main/Royal%20Canin%20kutya%20eledelek/BHN%20-%20Breed%20Health%20Nutrition/BHN%20-%20DRY/Pug%20Puppy%20dry/RC-BHN-Pug-Puppy-dry%20(3).jpg|https://github.com/totapp91/Royal-Canin/raw/main/Royal%20Canin%20kutya%20eledelek/BHN%20-%20Breed%20Health%20Nutrition/BHN%20-%20DRY/Pug%20Puppy%20dry/RC-BHN-Pug-Puppy-dry%20(4).jpg
3182550752398,136240,3985000500, ROYAL CANIN PUG ADULT - Mopsz felnőtt kutya száraz táp  ,0.5,PUG ADULT,BHN,Kutya száraz tápok,,,visible,1651,,https://github.com/totapp91/Royal-Canin/raw/main/Royal%20Canin%20kutya%20eledelek/BHN%20-%20Breed%20Health%20Nutrition/BHN%20-%20DRY/Pug%20Adult%20dry/RC-BHN-Pug-Adult-dry%20(1).jpg|https://github.com/totapp91/Royal-Canin/raw/main/Royal%20Canin%20kutya%20eledelek/BHN%20-%20Breed%20Health%20Nutrition/BHN%20-%20DRY/Pug%20Adult%20dry/RC-BHN-Pug-Adult-dry%20(1).png|https://github.com/totapp91/Royal-Canin/raw/main/Royal%20Canin%20kutya%20eledelek/BHN%20-%20Breed%20Health%20Nutrition/BHN%20-%20DRY/Pug%20Adult%20dry/RC-BHN-Pug-Adult-dry%20(2).jpg|https://github.com/totapp91/Royal-Canin/raw/main/Royal%20Canin%20kutya%20eledelek/BHN%20-%20Breed%20Health%20Nutrition/BHN%20-%20DRY/Pug%20Adult%20dry/RC-BHN-Pug-Adult-dry%20(2).png|https://github.com/totapp91/Royal-Canin/raw/main/Royal%20Canin%20kutya%20eledelek/BHN%20-%20Breed%20Health%20Nutrition/BHN%20-%20DRY/Pug%20Adult%20dry/RC-BHN-Pug-Adult-dry%20(3).jpg|https://github.com/totapp91/Royal-Canin/raw/main/Royal%20Canin%20kutya%20eledelek/BHN%20-%20Breed%20Health%20Nutrition/BHN%20-%20DRY/Pug%20Adult%20dry/RC-BHN-Pug-Adult-dry%20(4).jpg|https://github.com/totapp91/Royal-Canin/raw/main/Royal%20Canin%20kutya%20eledelek/BHN%20-%20Breed%20Health%20Nutrition/BHN%20-%20DRY/Pug%20Adult%20dry/RC-BHN-Pug-Adult-dry%20(5).jpg|https://github.com/totapp91/Royal-Canin/raw/main/Royal%20Canin%20kutya%20eledelek/BHN%20-%20Breed%20Health%20Nutrition/BHN%20-%20DRY/Pug%20Adult%20dry/RC-BHN-Pug-Adult-dry%20(6).jpg|https://github.com/totapp91/Royal-Canin/raw/main/Royal%20Canin%20kutya%20eledelek/BHN%20-%20Breed%20Health%20Nutrition/BHN%20-%20DRY/Pug%20Adult%20dry/RC-BHN-Pug-Adult-dry%20(7).jpg
3182550752404,136250,3985001500, ROYAL CANIN PUG ADULT - Mopsz felnőtt kutya száraz táp  ,1.5,PUG ADULT,BHN,Kutya száraz tápok,,,visible,4229,,https://github.com/totapp91/Royal-Canin/raw/main/Royal%20Canin%20kutya%20eledelek/BHN%20-%20Breed%20Health%20Nutrition/BHN%20-%20DRY/Pug%20Adult%20dry/RC-BHN-Pug-Adult-dry%20(1).jpg|https://github.com/totapp91/Royal-Canin/raw/main/Royal%20Canin%20kutya%20eledelek/BHN%20-%20Breed%20Health%20Nutrition/BHN%20-%20DRY/Pug%20Adult%20dry/RC-BHN-Pug-Adult-dry%20(1).png|https://github.com/totapp91/Royal-Canin/raw/main/Royal%20Canin%20kutya%20eledelek/BHN%20-%20Breed%20Health%20Nutrition/BHN%20-%20DRY/Pug%20Adult%20dry/RC-BHN-Pug-Adult-dry%20(2).jpg|https://github.com/totapp91/Royal-Canin/raw/main/Royal%20Canin%20kutya%20eledelek/BHN%20-%20Breed%20Health%20Nutrition/BHN%20-%20DRY/Pug%20Adult%20dry/RC-BHN-Pug-Adult-dry%20(2).png|https://github.com/totapp91/Royal-Canin/raw/main/Royal%20Canin%20kutya%20eledelek/BHN%20-%20Breed%20Health%20Nutrition/BHN%20-%20DRY/Pug%20Adult%20dry/RC-BHN-Pug-Adult-dry%20(3).jpg|https://github.com/totapp91/Royal-Canin/raw/main/Royal%20Canin%20kutya%20eledelek/BHN%20-%20Breed%20Health%20Nutrition/BHN%20-%20DRY/Pug%20Adult%20dry/RC-BHN-Pug-Adult-dry%20(4).jpg|https://github.com/totapp91/Royal-Canin/raw/main/Royal%20Canin%20kutya%20eledelek/BHN%20-%20Breed%20Health%20Nutrition/BHN%20-%20DRY/Pug%20Adult%20dry/RC-BHN-Pug-Adult-dry%20(5).jpg|https://github.com/totapp91/Royal-Canin/raw/main/Royal%20Canin%20kutya%20eledelek/BHN%20-%20Breed%20Health%20Nutrition/BHN%20-%20DRY/Pug%20Adult%20dry/RC-BHN-Pug-Adult-dry%20(6).jpg|https://github.com/totapp91/Royal-Canin/raw/main/Royal%20Canin%20kutya%20eledelek/BHN%20-%20Breed%20Health%20Nutrition/BHN%20-%20DRY/Pug%20Adult%20dry/RC-BHN-Pug-Adult-dry%20(7).jpg
3182550716826,128730,3057000500, ROYAL CANIN POODLE ADULT - Uszkár felnőtt kutya száraz táp  ,0.5,POODLE ADULT,BHN,Kutya száraz tápok,,,visible,1651,,https://github.com/totapp91/Royal-Canin/raw/main/Royal%20Canin%20kutya%20eledelek/BHN%20-%20Breed%20Health%20Nutrition/BHN%20-%20DRY/Poodle%20Adult%20dry/RC-BHN-Poodle-Adult-dry%20(1).jpg|https://github.com/totapp91/Royal-Canin/raw/main/Royal%20Canin%20kutya%20eledelek/BHN%20-%20Breed%20Health%20Nutrition/BHN%20-%20DRY/Poodle%20Adult%20dry/RC-BHN-Poodle-Adult-dry%20(1).png|https://github.com/totapp91/Royal-Canin/raw/main/Royal%20Canin%20kutya%20eledelek/BHN%20-%20Breed%20Health%20Nutrition/BHN%20-%20DRY/Poodle%20Adult%20dry/RC-BHN-Poodle-Adult-dry%20(2).jpg|https://github.com/totapp91/Royal-Canin/raw/main/Royal%20Canin%20kutya%20eledelek/BHN%20-%20Breed%20Health%20Nutrition/BHN%20-%20DRY/Poodle%20Adult%20dry/RC-BHN-Poodle-Adult-dry%20(2).png|https://github.com/totapp91/Royal-Canin/raw/main/Royal%20Canin%20kutya%20eledelek/BHN%20-%20Breed%20Health%20Nutrition/BHN%20-%20DRY/Poodle%20Adult%20dry/RC-BHN-Poodle-Adult-dry%20(3).jpg|https://github.com/totapp91/Royal-Canin/raw/main/Royal%20Canin%20kutya%20eledelek/BHN%20-%20Breed%20Health%20Nutrition/BHN%20-%20DRY/Poodle%20Adult%20dry/RC-BHN-Poodle-Adult-dry%20(4).jpg|https://github.com/totapp91/Royal-Canin/raw/main/Royal%20Canin%20kutya%20eledelek/BHN%20-%20Breed%20Health%20Nutrition/BHN%20-%20DRY/Poodle%20Adult%20dry/RC-BHN-Poodle-Adult-dry%20(5).jpg
3182550743174,128060,3057001500, ROYAL CANIN POODLE ADULT - Uszkár felnőtt kutya száraz táp  ,1.5,POODLE ADULT,BHN,Kutya száraz tápok,,,visible,4229,,https://github.com/totapp91/Royal-Canin/raw/main/Royal%20Canin%20kutya%20eledelek/BHN%20-%20Breed%20Health%20Nutrition/BHN%20-%20DRY/Poodle%20Adult%20dry/RC-BHN-Poodle-Adult-dry%20(1).jpg|https://github.com/totapp91/Royal-Canin/raw/main/Royal%20Canin%20kutya%20eledelek/BHN%20-%20Breed%20Health%20Nutrition/BHN%20-%20DRY/Poodle%20Adult%20dry/RC-BHN-Poodle-Adult-dry%20(1).png|https://github.com/totapp91/Royal-Canin/raw/main/Royal%20Canin%20kutya%20eledelek/BHN%20-%20Breed%20Health%20Nutrition/BHN%20-%20DRY/Poodle%20Adult%20dry/RC-BHN-Poodle-Adult-dry%20(2).jpg|https://github.com/totapp91/Royal-Canin/raw/main/Royal%20Canin%20kutya%20eledelek/BHN%20-%20Breed%20Health%20Nutrition/BHN%20-%20DRY/Poodle%20Adult%20dry/RC-BHN-Poodle-Adult-dry%20(2).png|https://github.com/totapp91/Royal-Canin/raw/main/Royal%20Canin%20kutya%20eledelek/BHN%20-%20Breed%20Health%20Nutrition/BHN%20-%20DRY/Poodle%20Adult%20dry/RC-BHN-Poodle-Adult-dry%20(3).jpg|https://github.com/totapp91/Royal-Canin/raw/main/Royal%20Canin%20kutya%20eledelek/BHN%20-%20Breed%20Health%20Nutrition/BHN%20-%20DRY/Poodle%20Adult%20dry/RC-BHN-Poodle-Adult-dry%20(4).jpg|https://github.com/totapp91/Royal-Canin/raw/main/Royal%20Canin%20kutya%20eledelek/BHN%20-%20Breed%20Health%20Nutrition/BHN%20-%20DRY/Poodle%20Adult%20dry/RC-BHN-Poodle-Adult-dry%20(5).jpg
3182550716932,128070,3057007500, ROYAL CANIN POODLE ADULT - Uszkár felnőtt kutya száraz táp  ,7.5,POODLE ADULT,BHN,Kutya száraz tápok,,,visible,15697,,https://github.com/totapp91/Royal-Canin/raw/main/Royal%20Canin%20kutya%20eledelek/BHN%20-%20Breed%20Health%20Nutrition/BHN%20-%20DRY/Poodle%20Adult%20dry/RC-BHN-Poodle-Adult-dry%20(1).jpg|https://github.com/totapp91/Royal-Canin/raw/main/Royal%20Canin%20kutya%20eledelek/BHN%20-%20Breed%20Health%20Nutrition/BHN%20-%20DRY/Poodle%20Adult%20dry/RC-BHN-Poodle-Adult-dry%20(1).png|https://github.com/totapp91/Royal-Canin/raw/main/Royal%20Canin%20kutya%20eledelek/BHN%20-%20Breed%20Health%20Nutrition/BHN%20-%20DRY/Poodle%20Adult%20dry/RC-BHN-Poodle-Adult-dry%20(2).jpg|https://github.com/totapp91/Royal-Canin/raw/main/Royal%20Canin%20kutya%20eledelek/BHN%20-%20Breed%20Health%20Nutrition/BHN%20-%20DRY/Poodle%20Adult%20dry/RC-BHN-Poodle-Adult-dry%20(2).png|https://github.com/totapp91/Royal-Canin/raw/main/Royal%20Canin%20kutya%20eledelek/BHN%20-%20Breed%20Health%20Nutrition/BHN%20-%20DRY/Poodle%20Adult%20dry/RC-BHN-Poodle-Adult-dry%20(3).jpg|https://github.com/totapp91/Royal-Canin/raw/main/Royal%20Canin%20kutya%20eledelek/BHN%20-%20Breed%20Health%20Nutrition/BHN%20-%20DRY/Poodle%20Adult%20dry/RC-BHN-Poodle-Adult-dry%20(4).jpg|https://github.com/totapp91/Royal-Canin/raw/main/Royal%20Canin%20kutya%20eledelek/BHN%20-%20Breed%20Health%20Nutrition/BHN%20-%20DRY/Poodle%20Adult%20dry/RC-BHN-Poodle-Adult-dry%20(5).jpg
3182550725507,115980,2491003000, ROYAL CANIN LABRADOR JUNIOR - Labrador Retriever kölyök kutya száraz táp  ,3,LABRADOR PUPPY,BHN,Kutya száraz tápok,,,visible,6922,,https://github.com/totapp91/Royal-Canin/raw/main/Royal%20Canin%20kutya%20eledelek/BHN%20-%20Breed%20Health%20Nutrition/BHN%20-%20DRY/Labrador%20Retriever%20Puppy%20dry/RC-BHN-Labrador-Retriever-Puppy-dry%20(1).jpg|https://github.com/totapp91/Royal-Canin/raw/main/Royal%20Canin%20kutya%20eledelek/BHN%20-%20Breed%20Health%20Nutrition/BHN%20-%20DRY/Labrador%20Retriever%20Puppy%20dry/RC-BHN-Labrador-Retriever-Puppy-dry%20(1).png|https://github.com/totapp91/Royal-Canin/raw/main/Royal%20Canin%20kutya%20eledelek/BHN%20-%20Breed%20Health%20Nutrition/BHN%20-%20DRY/Labrador%20Retriever%20Puppy%20dry/RC-BHN-Labrador-Retriever-Puppy-dry%20(2).jpg|https://github.com/totapp91/Royal-Canin/raw/main/Royal%20Canin%20kutya%20eledelek/BHN%20-%20Breed%20Health%20Nutrition/BHN%20-%20DRY/Labrador%20Retriever%20Puppy%20dry/RC-BHN-Labrador-Retriever-Puppy-dry%20(2).png|https://github.com/totapp91/Royal-Canin/raw/main/Royal%20Canin%20kutya%20eledelek/BHN%20-%20Breed%20Health%20Nutrition/BHN%20-%20DRY/Labrador%20Retriever%20Puppy%20dry/RC-BHN-Labrador-Retriever-Puppy-dry%20(3).jpg|https://github.com/totapp91/Royal-Canin/raw/main/Royal%20Canin%20kutya%20eledelek/BHN%20-%20Breed%20Health%20Nutrition/BHN%20-%20DRY/Labrador%20Retriever%20Puppy%20dry/RC-BHN-Labrador-Retriever-Puppy-dry%20(4).jpg|https://github.com/totapp91/Royal-Canin/raw/main/Royal%20Canin%20kutya%20eledelek/BHN%20-%20Breed%20Health%20Nutrition/BHN%20-%20DRY/Labrador%20Retriever%20Puppy%20dry/RC-BHN-Labrador-Retriever-Puppy-dry%20(5).jpg|https://github.com/totapp91/Royal-Canin/raw/main/Royal%20Canin%20kutya%20eledelek/BHN%20-%20Breed%20Health%20Nutrition/BHN%20-%20DRY/Labrador%20Retriever%20Puppy%20dry/RC-BHN-Labrador-Retriever-Puppy-dry%20(6).jpg
3182550725514,114240,2491012000, ROYAL CANIN LABRADOR JUNIOR - Labrador Retriever kölyök kutya száraz táp  ,12,LABRADOR PUPPY,BHN,Kutya száraz tápok,,,visible,22670,,https://github.com/totapp91/Royal-Canin/raw/main/Royal%20Canin%20kutya%20eledelek/BHN%20-%20Breed%20Health%20Nutrition/BHN%20-%20DRY/Labrador%20Retriever%20Puppy%20dry/RC-BHN-Labrador-Retriever-Puppy-dry%20(1).jpg|https://github.com/totapp91/Royal-Canin/raw/main/Royal%20Canin%20kutya%20eledelek/BHN%20-%20Breed%20Health%20Nutrition/BHN%20-%20DRY/Labrador%20Retriever%20Puppy%20dry/RC-BHN-Labrador-Retriever-Puppy-dry%20(1).png|https://github.com/totapp91/Royal-Canin/raw/main/Royal%20Canin%20kutya%20eledelek/BHN%20-%20Breed%20Health%20Nutrition/BHN%20-%20DRY/Labrador%20Retriever%20Puppy%20dry/RC-BHN-Labrador-Retriever-Puppy-dry%20(2).jpg|https://github.com/totapp91/Royal-Canin/raw/main/Royal%20Canin%20kutya%20eledelek/BHN%20-%20Breed%20Health%20Nutrition/BHN%20-%20DRY/Labrador%20Retriever%20Puppy%20dry/RC-BHN-Labrador-Retriever-Puppy-dry%20(2).png|https://github.com/totapp91/Royal-Canin/raw/main/Royal%20Canin%20kutya%20eledelek/BHN%20-%20Breed%20Health%20Nutrition/BHN%20-%20DRY/Labrador%20Retriever%20Puppy%20dry/RC-BHN-Labrador-Retriever-Puppy-dry%20(3).jpg|https://github.com/totapp91/Royal-Canin/raw/main/Royal%20Canin%20kutya%20eledelek/BHN%20-%20Breed%20Health%20Nutrition/BHN%20-%20DRY/Labrador%20Retriever%20Puppy%20dry/RC-BHN-Labrador-Retriever-Puppy-dry%20(4).jpg|https://github.com/totapp91/Royal-Canin/raw/main/Royal%20Canin%20kutya%20eledelek/BHN%20-%20Breed%20Health%20Nutrition/BHN%20-%20DRY/Labrador%20Retriever%20Puppy%20dry/RC-BHN-Labrador-Retriever-Puppy-dry%20(5).jpg|https://github.com/totapp91/Royal-Canin/raw/main/Royal%20Canin%20kutya%20eledelek/BHN%20-%20Breed%20Health%20Nutrition/BHN%20-%20DRY/Labrador%20Retriever%20Puppy%20dry/RC-BHN-Labrador-Retriever-Puppy-dry%20(6).jpg
3182550715645,114180,2487012000, ROYAL CANIN LABRADOR ADULT - Labrador Retriever felnőtt kutya száraz táp  ,12,LABRADOR ADULT,BHN,Kutya száraz tápok,,,visible,20625,,https://github.com/totapp91/Royal-Canin/raw/main/Royal%20Canin%20kutya%20eledelek/BHN%20-%20Breed%20Health%20Nutrition/BHN%20-%20DRY/Labrador%20Retriever%20Adult%20Dry/RC-BHN-Labrador-Retriever-Adult-dry%20(1).jpg|https://github.com/totapp91/Royal-Canin/raw/main/Royal%20Canin%20kutya%20eledelek/BHN%20-%20Breed%20Health%20Nutrition/BHN%20-%20DRY/Labrador%20Retriever%20Adult%20Dry/RC-BHN-Labrador-Retriever-Adult-dry%20(1).png|https://github.com/totapp91/Royal-Canin/raw/main/Royal%20Canin%20kutya%20eledelek/BHN%20-%20Breed%20Health%20Nutrition/BHN%20-%20DRY/Labrador%20Retriever%20Adult%20Dry/RC-BHN-Labrador-Retriever-Adult-dry%20(2).jpg|https://github.com/totapp91/Royal-Canin/raw/main/Royal%20Canin%20kutya%20eledelek/BHN%20-%20Breed%20Health%20Nutrition/BHN%20-%20DRY/Labrador%20Retriever%20Adult%20Dry/RC-BHN-Labrador-Retriever-Adult-dry%20(2).png|https://github.com/totapp91/Royal-Canin/raw/main/Royal%20Canin%20kutya%20eledelek/BHN%20-%20Breed%20Health%20Nutrition/BHN%20-%20DRY/Labrador%20Retriever%20Adult%20Dry/RC-BHN-Labrador-Retriever-Adult-dry%20(3).jpg|https://github.com/totapp91/Royal-Canin/raw/main/Royal%20Canin%20kutya%20eledelek/BHN%20-%20Breed%20Health%20Nutrition/BHN%20-%20DRY/Labrador%20Retriever%20Adult%20Dry/RC-BHN-Labrador-Retriever-Adult-dry%20(4).jpg|https://github.com/totapp91/Royal-Canin/raw/main/Royal%20Canin%20kutya%20eledelek/BHN%20-%20Breed%20Health%20Nutrition/BHN%20-%20DRY/Labrador%20Retriever%20Adult%20Dry/RC-BHN-Labrador-Retriever-Adult-dry%20(5).jpg|https://github.com/totapp91/Royal-Canin/raw/main/Royal%20Canin%20kutya%20eledelek/BHN%20-%20Breed%20Health%20Nutrition/BHN%20-%20DRY/Labrador%20Retriever%20Adult%20Dry/RC-BHN-Labrador-Retriever-Adult-dry%20(6).jpg
3182550821391,197520,2100000500, ROYAL CANIN JACK RUSSELL TERRIER ADULT -  Jack Russell Terrier felnőtt kutya száraz táp ,0.5,JACK RUSSELL TERRIER ADULT,BHN,Kutya száraz tápok,,,visible,1651,,https://github.com/totapp91/Royal-Canin/raw/main/Royal%20Canin%20kutya%20eledelek/BHN%20-%20Breed%20Health%20Nutrition/BHN%20-%20DRY/Jack%20Russell%20Terrier%20Adult%20dry/RC-BHN-Jack-Russell-Terrier-Adult-dry%20(1).jpg|https://github.com/totapp91/Royal-Canin/raw/main/Royal%20Canin%20kutya%20eledelek/BHN%20-%20Breed%20Health%20Nutrition/BHN%20-%20DRY/Jack%20Russell%20Terrier%20Adult%20dry/RC-BHN-Jack-Russell-Terrier-Adult-dry%20(1).png|https://github.com/totapp91/Royal-Canin/raw/main/Royal%20Canin%20kutya%20eledelek/BHN%20-%20Breed%20Health%20Nutrition/BHN%20-%20DRY/Jack%20Russell%20Terrier%20Adult%20dry/RC-BHN-Jack-Russell-Terrier-Adult-dry%20(2).jpg|https://github.com/totapp91/Royal-Canin/raw/main/Royal%20Canin%20kutya%20eledelek/BHN%20-%20Breed%20Health%20Nutrition/BHN%20-%20DRY/Jack%20Russell%20Terrier%20Adult%20dry/RC-BHN-Jack-Russell-Terrier-Adult-dry%20(2).png|https://github.com/totapp91/Royal-Canin/raw/main/Royal%20Canin%20kutya%20eledelek/BHN%20-%20Breed%20Health%20Nutrition/BHN%20-%20DRY/Jack%20Russell%20Terrier%20Adult%20dry/RC-BHN-Jack-Russell-Terrier-Adult-dry%20(3).jpg|https://github.com/totapp91/Royal-Canin/raw/main/Royal%20Canin%20kutya%20eledelek/BHN%20-%20Breed%20Health%20Nutrition/BHN%20-%20DRY/Jack%20Russell%20Terrier%20Adult%20dry/RC-BHN-Jack-Russell-Terrier-Adult-dry%20(4).jpg|https://github.com/totapp91/Royal-Canin/raw/main/Royal%20Canin%20kutya%20eledelek/BHN%20-%20Breed%20Health%20Nutrition/BHN%20-%20DRY/Jack%20Russell%20Terrier%20Adult%20dry/RC-BHN-Jack-Russell-Terrier-Adult-dry%20(5).jpg|https://github.com/totapp91/Royal-Canin/raw/main/Royal%20Canin%20kutya%20eledelek/BHN%20-%20Breed%20Health%20Nutrition/BHN%20-%20DRY/Jack%20Russell%20Terrier%20Adult%20dry/RC-BHN-Jack-Russell-Terrier-Adult-dry%20(6).jpg
3182550821414,197480,2100001500, ROYAL CANIN JACK RUSSELL TERRIER ADULT -  Jack Russell Terrier felnőtt kutya száraz táp ,1.5,JACK RUSSELL TERRIER ADULT,BHN,Kutya száraz tápok,,,visible,4229,,https://github.com/totapp91/Royal-Canin/raw/main/Royal%20Canin%20kutya%20eledelek/BHN%20-%20Breed%20Health%20Nutrition/BHN%20-%20DRY/Jack%20Russell%20Terrier%20Adult%20dry/RC-BHN-Jack-Russell-Terrier-Adult-dry%20(1).jpg|https://github.com/totapp91/Royal-Canin/raw/main/Royal%20Canin%20kutya%20eledelek/BHN%20-%20Breed%20Health%20Nutrition/BHN%20-%20DRY/Jack%20Russell%20Terrier%20Adult%20dry/RC-BHN-Jack-Russell-Terrier-Adult-dry%20(1).png|https://github.com/totapp91/Royal-Canin/raw/main/Royal%20Canin%20kutya%20eledelek/BHN%20-%20Breed%20Health%20Nutrition/BHN%20-%20DRY/Jack%20Russell%20Terrier%20Adult%20dry/RC-BHN-Jack-Russell-Terrier-Adult-dry%20(2).jpg|https://github.com/totapp91/Royal-Canin/raw/main/Royal%20Canin%20kutya%20eledelek/BHN%20-%20Breed%20Health%20Nutrition/BHN%20-%20DRY/Jack%20Russell%20Terrier%20Adult%20dry/RC-BHN-Jack-Russell-Terrier-Adult-dry%20(2).png|https://github.com/totapp91/Royal-Canin/raw/main/Royal%20Canin%20kutya%20eledelek/BHN%20-%20Breed%20Health%20Nutrition/BHN%20-%20DRY/Jack%20Russell%20Terrier%20Adult%20dry/RC-BHN-Jack-Russell-Terrier-Adult-dry%20(3).jpg|https://github.com/totapp91/Royal-Canin/raw/main/Royal%20Canin%20kutya%20eledelek/BHN%20-%20Breed%20Health%20Nutrition/BHN%20-%20DRY/Jack%20Russell%20Terrier%20Adult%20dry/RC-BHN-Jack-Russell-Terrier-Adult-dry%20(4).jpg|https://github.com/totapp91/Royal-Canin/raw/main/Royal%20Canin%20kutya%20eledelek/BHN%20-%20Breed%20Health%20Nutrition/BHN%20-%20DRY/Jack%20Russell%20Terrier%20Adult%20dry/RC-BHN-Jack-Russell-Terrier-Adult-dry%20(5).jpg|https://github.com/totapp91/Royal-Canin/raw/main/Royal%20Canin%20kutya%20eledelek/BHN%20-%20Breed%20Health%20Nutrition/BHN%20-%20DRY/Jack%20Russell%20Terrier%20Adult%20dry/RC-BHN-Jack-Russell-Terrier-Adult-dry%20(6).jpg
3182550751254,197050,3979003000, ROYAL CANIN GOLDEN RETRIEVER PUPPY - Golden Retriever klyök kutya száraz táp ,3,GOLDEN RETRIEVER PUPPY,BHN,Kutya száraz tápok,,,visible,6922,,https://github.com/totapp91/Royal-Canin/raw/main/Royal%20Canin%20kutya%20eledelek/BHN%20-%20Breed%20Health%20Nutrition/BHN%20-%20DRY/Golden%20Retriever%20Puppy%20dry/RC-BHN-Golden-Retriever-Puppy-dry%20(1).png
3182550751261,197070,3979012000, ROYAL CANIN GOLDEN RETRIEVER PUPPY - Golden Retriever klyök kutya száraz táp ,12,GOLDEN RETRIEVER PUPPY,BHN,Kutya száraz tápok,,,visible,22670,,https://github.com/totapp91/Royal-Canin/raw/main/Royal%20Canin%20kutya%20eledelek/BHN%20-%20Breed%20Health%20Nutrition/BHN%20-%20DRY/Golden%20Retriever%20Puppy%20dry/RC-BHN-Golden-Retriever-Puppy-dry%20(1).png
3182550743433,128500,3970003000, ROYAL CANIN GOLDEN RETRIeVER ADULT - Golden Retriever felnőtt kutya száraz táp  ,3,GOLDEN RETRIEVER ADULT,BHN,Kutya száraz tápok,,,visible,6922,,https://github.com/totapp91/Royal-Canin/raw/main/Royal%20Canin%20kutya%20eledelek/BHN%20-%20Breed%20Health%20Nutrition/BHN%20-%20DRY/Golden%20Retriever%20Adult%20dry/RC-BHN-Golden-Retriever-Adult-dry%20(1).jpg|https://github.com/totapp91/Royal-Canin/raw/main/Royal%20Canin%20kutya%20eledelek/BHN%20-%20Breed%20Health%20Nutrition/BHN%20-%20DRY/Golden%20Retriever%20Adult%20dry/RC-BHN-Golden-Retriever-Adult-dry%20(1).png|https://github.com/totapp91/Royal-Canin/raw/main/Royal%20Canin%20kutya%20eledelek/BHN%20-%20Breed%20Health%20Nutrition/BHN%20-%20DRY/Golden%20Retriever%20Adult%20dry/RC-BHN-Golden-Retriever-Adult-dry%20(2).jpg|https://github.com/totapp91/Royal-Canin/raw/main/Royal%20Canin%20kutya%20eledelek/BHN%20-%20Breed%20Health%20Nutrition/BHN%20-%20DRY/Golden%20Retriever%20Adult%20dry/RC-BHN-Golden-Retriever-Adult-dry%20(2).png|https://github.com/totapp91/Royal-Canin/raw/main/Royal%20Canin%20kutya%20eledelek/BHN%20-%20Breed%20Health%20Nutrition/BHN%20-%20DRY/Golden%20Retriever%20Adult%20dry/RC-BHN-Golden-Retriever-Adult-dry%20(3).jpg|https://github.com/totapp91/Royal-Canin/raw/main/Royal%20Canin%20kutya%20eledelek/BHN%20-%20Breed%20Health%20Nutrition/BHN%20-%20DRY/Golden%20Retriever%20Adult%20dry/RC-BHN-Golden-Retriever-Adult-dry%20(4).jpg|https://github.com/totapp91/Royal-Canin/raw/main/Royal%20Canin%20kutya%20eledelek/BHN%20-%20Breed%20Health%20Nutrition/BHN%20-%20DRY/Golden%20Retriever%20Adult%20dry/RC-BHN-Golden-Retriever-Adult-dry%20(5).jpg
3182550743440,128510,3970012000, ROYAL CANIN GOLDEN RETRIeVER ADULT - Golden Retriever felnőtt kutya száraz táp  ,12,GOLDEN RETRIEVER ADULT,BHN,Kutya száraz tápok,,,visible,20625,,https://github.com/totapp91/Royal-Canin/raw/main/Royal%20Canin%20kutya%20eledelek/BHN%20-%20Breed%20Health%20Nutrition/BHN%20-%20DRY/Golden%20Retriever%20Adult%20dry/RC-BHN-Golden-Retriever-Adult-dry%20(1).jpg|https://github.com/totapp91/Royal-Canin/raw/main/Royal%20Canin%20kutya%20eledelek/BHN%20-%20Breed%20Health%20Nutrition/BHN%20-%20DRY/Golden%20Retriever%20Adult%20dry/RC-BHN-Golden-Retriever-Adult-dry%20(1).png|https://github.com/totapp91/Royal-Canin/raw/main/Royal%20Canin%20kutya%20eledelek/BHN%20-%20Breed%20Health%20Nutrition/BHN%20-%20DRY/Golden%20Retriever%20Adult%20dry/RC-BHN-Golden-Retriever-Adult-dry%20(2).jpg|https://github.com/totapp91/Royal-Canin/raw/main/Royal%20Canin%20kutya%20eledelek/BHN%20-%20Breed%20Health%20Nutrition/BHN%20-%20DRY/Golden%20Retriever%20Adult%20dry/RC-BHN-Golden-Retriever-Adult-dry%20(2).png|https://github.com/totapp91/Royal-Canin/raw/main/Royal%20Canin%20kutya%20eledelek/BHN%20-%20Breed%20Health%20Nutrition/BHN%20-%20DRY/Golden%20Retriever%20Adult%20dry/RC-BHN-Golden-Retriever-Adult-dry%20(3).jpg|https://github.com/totapp91/Royal-Canin/raw/main/Royal%20Canin%20kutya%20eledelek/BHN%20-%20Breed%20Health%20Nutrition/BHN%20-%20DRY/Golden%20Retriever%20Adult%20dry/RC-BHN-Golden-Retriever-Adult-dry%20(4).jpg|https://github.com/totapp91/Royal-Canin/raw/main/Royal%20Canin%20kutya%20eledelek/BHN%20-%20Breed%20Health%20Nutrition/BHN%20-%20DRY/Golden%20Retriever%20Adult%20dry/RC-BHN-Golden-Retriever-Adult-dry%20(5).jpg
3182550724142,114330,2519003000, ROYAL CANIN GERMAN SHEPHERD JUNIOR - Német Juhász kölyök kutya száraz táp  ,3,GERMAN SHEPHERD PUPPY,BHN,Kutya száraz tápok,,,visible,6922,,https://github.com/totapp91/Royal-Canin/raw/main/Royal%20Canin%20kutya%20eledelek/BHN%20-%20Breed%20Health%20Nutrition/BHN%20-%20DRY/German%20Shepherd%20Puppy%20dry/RC-BHN-German-Shepherd-Puppy-dry%20(1).jpg|https://github.com/totapp91/Royal-Canin/raw/main/Royal%20Canin%20kutya%20eledelek/BHN%20-%20Breed%20Health%20Nutrition/BHN%20-%20DRY/German%20Shepherd%20Puppy%20dry/RC-BHN-German-Shepherd-Puppy-dry%20(1).png|https://github.com/totapp91/Royal-Canin/raw/main/Royal%20Canin%20kutya%20eledelek/BHN%20-%20Breed%20Health%20Nutrition/BHN%20-%20DRY/German%20Shepherd%20Puppy%20dry/RC-BHN-German-Shepherd-Puppy-dry%20(2).jpg|https://github.com/totapp91/Royal-Canin/raw/main/Royal%20Canin%20kutya%20eledelek/BHN%20-%20Breed%20Health%20Nutrition/BHN%20-%20DRY/German%20Shepherd%20Puppy%20dry/RC-BHN-German-Shepherd-Puppy-dry%20(2).png|https://github.com/totapp91/Royal-Canin/raw/main/Royal%20Canin%20kutya%20eledelek/BHN%20-%20Breed%20Health%20Nutrition/BHN%20-%20DRY/German%20Shepherd%20Puppy%20dry/RC-BHN-German-Shepherd-Puppy-dry%20(3).jpg|https://github.com/totapp91/Royal-Canin/raw/main/Royal%20Canin%20kutya%20eledelek/BHN%20-%20Breed%20Health%20Nutrition/BHN%20-%20DRY/German%20Shepherd%20Puppy%20dry/RC-BHN-German-Shepherd-Puppy-dry%20(4).jpg|https://github.com/totapp91/Royal-Canin/raw/main/Royal%20Canin%20kutya%20eledelek/BHN%20-%20Breed%20Health%20Nutrition/BHN%20-%20DRY/German%20Shepherd%20Puppy%20dry/RC-BHN-German-Shepherd-Puppy-dry%20(5).jpg
3182550724159,114360,2519012000, ROYAL CANIN GERMAN SHEPHERD JUNIOR - Német Juhász kölyök kutya száraz táp  ,12,GERMAN SHEPHERD PUPPY,BHN,Kutya száraz tápok,,,visible,22670,,https://github.com/totapp91/Royal-Canin/raw/main/Royal%20Canin%20kutya%20eledelek/BHN%20-%20Breed%20Health%20Nutrition/BHN%20-%20DRY/German%20Shepherd%20Puppy%20dry/RC-BHN-German-Shepherd-Puppy-dry%20(1).jpg|https://github.com/totapp91/Royal-Canin/raw/main/Royal%20Canin%20kutya%20eledelek/BHN%20-%20Breed%20Health%20Nutrition/BHN%20-%20DRY/German%20Shepherd%20Puppy%20dry/RC-BHN-German-Shepherd-Puppy-dry%20(1).png|https://github.com/totapp91/Royal-Canin/raw/main/Royal%20Canin%20kutya%20eledelek/BHN%20-%20Breed%20Health%20Nutrition/BHN%20-%20DRY/German%20Shepherd%20Puppy%20dry/RC-BHN-German-Shepherd-Puppy-dry%20(2).jpg|https://github.com/totapp91/Royal-Canin/raw/main/Royal%20Canin%20kutya%20eledelek/BHN%20-%20Breed%20Health%20Nutrition/BHN%20-%20DRY/German%20Shepherd%20Puppy%20dry/RC-BHN-German-Shepherd-Puppy-dry%20(2).png|https://github.com/totapp91/Royal-Canin/raw/main/Royal%20Canin%20kutya%20eledelek/BHN%20-%20Breed%20Health%20Nutrition/BHN%20-%20DRY/German%20Shepherd%20Puppy%20dry/RC-BHN-German-Shepherd-Puppy-dry%20(3).jpg|https://github.com/totapp91/Royal-Canin/raw/main/Royal%20Canin%20kutya%20eledelek/BHN%20-%20Breed%20Health%20Nutrition/BHN%20-%20DRY/German%20Shepherd%20Puppy%20dry/RC-BHN-German-Shepherd-Puppy-dry%20(4).jpg|https://github.com/totapp91/Royal-Canin/raw/main/Royal%20Canin%20kutya%20eledelek/BHN%20-%20Breed%20Health%20Nutrition/BHN%20-%20DRY/German%20Shepherd%20Puppy%20dry/RC-BHN-German-Shepherd-Puppy-dry%20(5).jpg
3182550811637,188990,3991003000, ROYAL CANIN FRENCH BULLDOG ADULT - Francia Bulldog felnőtt kutya száraz táp  ,3,FRENCH BULLDOG ADULT,BHN,Kutya száraz tápok,,,visible,6121,,https://github.com/totapp91/Royal-Canin/raw/main/Royal%20Canin%20kutya%20eledelek/BHN%20-%20Breed%20Health%20Nutrition/BHN%20-%20DRY/French%20Bulldog%20Adult%20dry/RC-BHN-French-Bulldog-Adult-dry%20(1).jpg|https://github.com/totapp91/Royal-Canin/raw/main/Royal%20Canin%20kutya%20eledelek/BHN%20-%20Breed%20Health%20Nutrition/BHN%20-%20DRY/French%20Bulldog%20Adult%20dry/RC-BHN-French-Bulldog-Adult-dry%20(1).png|https://github.com/totapp91/Royal-Canin/raw/main/Royal%20Canin%20kutya%20eledelek/BHN%20-%20Breed%20Health%20Nutrition/BHN%20-%20DRY/French%20Bulldog%20Adult%20dry/RC-BHN-French-Bulldog-Adult-dry%20(2).jpg|https://github.com/totapp91/Royal-Canin/raw/main/Royal%20Canin%20kutya%20eledelek/BHN%20-%20Breed%20Health%20Nutrition/BHN%20-%20DRY/French%20Bulldog%20Adult%20dry/RC-BHN-French-Bulldog-Adult-dry%20(2).png|https://github.com/totapp91/Royal-Canin/raw/main/Royal%20Canin%20kutya%20eledelek/BHN%20-%20Breed%20Health%20Nutrition/BHN%20-%20DRY/French%20Bulldog%20Adult%20dry/RC-BHN-French-Bulldog-Adult-dry%20(3).jpg|https://github.com/totapp91/Royal-Canin/raw/main/Royal%20Canin%20kutya%20eledelek/BHN%20-%20Breed%20Health%20Nutrition/BHN%20-%20DRY/French%20Bulldog%20Adult%20dry/RC-BHN-French-Bulldog-Adult-dry%20(4).jpg|https://github.com/totapp91/Royal-Canin/raw/main/Royal%20Canin%20kutya%20eledelek/BHN%20-%20Breed%20Health%20Nutrition/BHN%20-%20DRY/French%20Bulldog%20Adult%20dry/RC-BHN-French-Bulldog-Adult-dry%20(5).jpg
3182550846042,220400,3991009000, ROYAL CANIN FRENCH BULLDOG ADULT - Francia Bulldog felnőtt kutya száraz táp  ,9,FRENCH BULLDOG ADULT,BHN,Kutya száraz tápok,,,visible,16828,,https://github.com/totapp91/Royal-Canin/raw/main/Royal%20Canin%20kutya%20eledelek/BHN%20-%20Breed%20Health%20Nutrition/BHN%20-%20DRY/French%20Bulldog%20Adult%20dry/RC-BHN-French-Bulldog-Adult-dry%20(1).jpg|https://github.com/totapp91/Royal-Canin/raw/main/Royal%20Canin%20kutya%20eledelek/BHN%20-%20Breed%20Health%20Nutrition/BHN%20-%20DRY/French%20Bulldog%20Adult%20dry/RC-BHN-French-Bulldog-Adult-dry%20(1).png|https://github.com/totapp91/Royal-Canin/raw/main/Royal%20Canin%20kutya%20eledelek/BHN%20-%20Breed%20Health%20Nutrition/BHN%20-%20DRY/French%20Bulldog%20Adult%20dry/RC-BHN-French-Bulldog-Adult-dry%20(2).jpg|https://github.com/totapp91/Royal-Canin/raw/main/Royal%20Canin%20kutya%20eledelek/BHN%20-%20Breed%20Health%20Nutrition/BHN%20-%20DRY/French%20Bulldog%20Adult%20dry/RC-BHN-French-Bulldog-Adult-dry%20(2).png|https://github.com/totapp91/Royal-Canin/raw/main/Royal%20Canin%20kutya%20eledelek/BHN%20-%20Breed%20Health%20Nutrition/BHN%20-%20DRY/French%20Bulldog%20Adult%20dry/RC-BHN-French-Bulldog-Adult-dry%20(3).jpg|https://github.com/totapp91/Royal-Canin/raw/main/Royal%20Canin%20kutya%20eledelek/BHN%20-%20Breed%20Health%20Nutrition/BHN%20-%20DRY/French%20Bulldog%20Adult%20dry/RC-BHN-French-Bulldog-Adult-dry%20(4).jpg|https://github.com/totapp91/Royal-Canin/raw/main/Royal%20Canin%20kutya%20eledelek/BHN%20-%20Breed%20Health%20Nutrition/BHN%20-%20DRY/French%20Bulldog%20Adult%20dry/RC-BHN-French-Bulldog-Adult-dry%20(5).jpg
3182550717328,128660,3059000500, ROYAL CANIN DACHSHUND ADULT - Tacskó felnőtt kutya száraz táp  ,0.5,DACHSHUND ADULT,BHN,Kutya száraz tápok,,,visible,1651,,https://github.com/totapp91/Royal-Canin/raw/main/Royal%20Canin%20kutya%20eledelek/BHN%20-%20Breed%20Health%20Nutrition/BHN%20-%20DRY/Dachshund%20Adult%20dry/RC-BHN-Dachshund-Adult-dry.png
3182550717335,128010,3059001500, ROYAL CANIN DACHSHUND ADULT - Tacskó felnőtt kutya száraz táp  ,1.5,DACHSHUND ADULT,BHN,Kutya száraz tápok,,,visible,4229,,https://github.com/totapp91/Royal-Canin/raw/main/Royal%20Canin%20kutya%20eledelek/BHN%20-%20Breed%20Health%20Nutrition/BHN%20-%20DRY/Dachshund%20Adult%20dry/RC-BHN-Dachshund-Adult-dry.png
3182550812016,189370,3059007500, ROYAL CANIN DACHSHUND ADULT - Tacskó felnőtt kutya száraz táp  ,7.5,DACHSHUND ADULT,BHN,Kutya száraz tápok,,,visible,15697,,https://github.com/totapp91/Royal-Canin/raw/main/Royal%20Canin%20kutya%20eledelek/BHN%20-%20Breed%20Health%20Nutrition/BHN%20-%20DRY/Dachshund%20Adult%20dry/RC-BHN-Dachshund-Adult-dry.png
3182550743709,128770,3969003000, ROYAL CANIN COCKER ADULT - Cocker Spániel felnőtt kutya száraz táp  ,3,COCKER ADULT,BHN,Kutya száraz tápok,,,visible,6248,,https://github.com/totapp91/Royal-Canin/raw/main/Royal%20Canin%20kutya%20eledelek/BHN%20-%20Breed%20Health%20Nutrition/BHN%20-%20DRY/Cocker%20Adult%20dry/RC-BHN-Cocker-dry%20(1).jpg|https://github.com/totapp91/Royal-Canin/raw/main/Royal%20Canin%20kutya%20eledelek/BHN%20-%20Breed%20Health%20Nutrition/BHN%20-%20DRY/Cocker%20Adult%20dry/RC-BHN-Cocker-dry%20(1).png|https://github.com/totapp91/Royal-Canin/raw/main/Royal%20Canin%20kutya%20eledelek/BHN%20-%20Breed%20Health%20Nutrition/BHN%20-%20DRY/Cocker%20Adult%20dry/RC-BHN-Cocker-dry%20(2).jpg|https://github.com/totapp91/Royal-Canin/raw/main/Royal%20Canin%20kutya%20eledelek/BHN%20-%20Breed%20Health%20Nutrition/BHN%20-%20DRY/Cocker%20Adult%20dry/RC-BHN-Cocker-dry%20(2).png|https://github.com/totapp91/Royal-Canin/raw/main/Royal%20Canin%20kutya%20eledelek/BHN%20-%20Breed%20Health%20Nutrition/BHN%20-%20DRY/Cocker%20Adult%20dry/RC-BHN-Cocker-dry%20(3).jpg|https://github.com/totapp91/Royal-Canin/raw/main/Royal%20Canin%20kutya%20eledelek/BHN%20-%20Breed%20Health%20Nutrition/BHN%20-%20DRY/Cocker%20Adult%20dry/RC-BHN-Cocker-dry%20(4).jpg|https://github.com/totapp91/Royal-Canin/raw/main/Royal%20Canin%20kutya%20eledelek/BHN%20-%20Breed%20Health%20Nutrition/BHN%20-%20DRY/Cocker%20Adult%20dry/RC-BHN-Cocker-dry%20(5).jpg|https://github.com/totapp91/Royal-Canin/raw/main/Royal%20Canin%20kutya%20eledelek/BHN%20-%20Breed%20Health%20Nutrition/BHN%20-%20DRY/Cocker%20Adult%20dry/RC-BHN-Cocker-dry%20(6).jpg|https://github.com/totapp91/Royal-Canin/raw/main/Royal%20Canin%20kutya%20eledelek/BHN%20-%20Breed%20Health%20Nutrition/BHN%20-%20DRY/Cocker%20Adult%20dry/RC-BHN-Cocker-dry%20(7).jpg
3182550722537,173300,2438000500, ROYAL CANIN CHIHUAHUA JUNIOR - Csivava kölyök kutya száraz táp  ,0.5,CHIHUAHUA PUPPY,BHN,Kutya száraz tápok,,,visible,1753,,https://github.com/totapp91/Royal-Canin/raw/main/Royal%20Canin%20kutya%20eledelek/BHN%20-%20Breed%20Health%20Nutrition/BHN%20-%20DRY/Chihuahua%20Puppy%20dry/RC-BHN-Chihuahua-Puppy-dry%20(1).jpg|https://github.com/totapp91/Royal-Canin/raw/main/Royal%20Canin%20kutya%20eledelek/BHN%20-%20Breed%20Health%20Nutrition/BHN%20-%20DRY/Chihuahua%20Puppy%20dry/RC-BHN-Chihuahua-Puppy-dry%20(1).png|https://github.com/totapp91/Royal-Canin/raw/main/Royal%20Canin%20kutya%20eledelek/BHN%20-%20Breed%20Health%20Nutrition/BHN%20-%20DRY/Chihuahua%20Puppy%20dry/RC-BHN-Chihuahua-Puppy-dry%20(2).jpg|https://github.com/totapp91/Royal-Canin/raw/main/Royal%20Canin%20kutya%20eledelek/BHN%20-%20Breed%20Health%20Nutrition/BHN%20-%20DRY/Chihuahua%20Puppy%20dry/RC-BHN-Chihuahua-Puppy-dry%20(2).png|https://github.com/totapp91/Royal-Canin/raw/main/Royal%20Canin%20kutya%20eledelek/BHN%20-%20Breed%20Health%20Nutrition/BHN%20-%20DRY/Chihuahua%20Puppy%20dry/RC-BHN-Chihuahua-Puppy-dry%20(3).jpg|https://github.com/totapp91/Royal-Canin/raw/main/Royal%20Canin%20kutya%20eledelek/BHN%20-%20Breed%20Health%20Nutrition/BHN%20-%20DRY/Chihuahua%20Puppy%20dry/RC-BHN-Chihuahua-Puppy-dry%20(4).jpg|https://github.com/totapp91/Royal-Canin/raw/main/Royal%20Canin%20kutya%20eledelek/BHN%20-%20Breed%20Health%20Nutrition/BHN%20-%20DRY/Chihuahua%20Puppy%20dry/RC-BHN-Chihuahua-Puppy-dry%20(5).jpg|https://github.com/totapp91/Royal-Canin/raw/main/Royal%20Canin%20kutya%20eledelek/BHN%20-%20Breed%20Health%20Nutrition/BHN%20-%20DRY/Chihuahua%20Puppy%20dry/RC-BHN-Chihuahua-Puppy-dry%20(6).jpg|https://github.com/totapp91/Royal-Canin/raw/main/Royal%20Canin%20kutya%20eledelek/BHN%20-%20Breed%20Health%20Nutrition/BHN%20-%20DRY/Chihuahua%20Puppy%20dry/RC-BHN-Chihuahua-Puppy-dry%20(7).jpg
3182550718813,128690,2210000500, ROYAL CANIN CHIHUAHUA ADULT - Csivava felnőtt kutya száraz táp ,0.5,CHIHUAHUA ADULT,BHN,Kutya száraz tápok,,,visible,1651,,https://github.com/totapp91/Royal-Canin/raw/main/Royal%20Canin%20kutya%20eledelek/BHN%20-%20Breed%20Health%20Nutrition/BHN%20-%20DRY/Chihuahua%20Adult%20dry/RC-BHN-Chihuahua-Adult-dry%20(1).jpg|https://github.com/totapp91/Royal-Canin/raw/main/Royal%20Canin%20kutya%20eledelek/BHN%20-%20Breed%20Health%20Nutrition/BHN%20-%20DRY/Chihuahua%20Adult%20dry/RC-BHN-Chihuahua-Adult-dry%20(1).png|https://github.com/totapp91/Royal-Canin/raw/main/Royal%20Canin%20kutya%20eledelek/BHN%20-%20Breed%20Health%20Nutrition/BHN%20-%20DRY/Chihuahua%20Adult%20dry/RC-BHN-Chihuahua-Adult-dry%20(2).jpg|https://github.com/totapp91/Royal-Canin/raw/main/Royal%20Canin%20kutya%20eledelek/BHN%20-%20Breed%20Health%20Nutrition/BHN%20-%20DRY/Chihuahua%20Adult%20dry/RC-BHN-Chihuahua-Adult-dry%20(2).png|https://github.com/totapp91/Royal-Canin/raw/main/Royal%20Canin%20kutya%20eledelek/BHN%20-%20Breed%20Health%20Nutrition/BHN%20-%20DRY/Chihuahua%20Adult%20dry/RC-BHN-Chihuahua-Adult-dry%20(3).jpg|https://github.com/totapp91/Royal-Canin/raw/main/Royal%20Canin%20kutya%20eledelek/BHN%20-%20Breed%20Health%20Nutrition/BHN%20-%20DRY/Chihuahua%20Adult%20dry/RC-BHN-Chihuahua-Adult-dry%20(4).jpg|https://github.com/totapp91/Royal-Canin/raw/main/Royal%20Canin%20kutya%20eledelek/BHN%20-%20Breed%20Health%20Nutrition/BHN%20-%20DRY/Chihuahua%20Adult%20dry/RC-BHN-Chihuahua-Adult-dry%20(5).jpg|https://github.com/totapp91/Royal-Canin/raw/main/Royal%20Canin%20kutya%20eledelek/BHN%20-%20Breed%20Health%20Nutrition/BHN%20-%20DRY/Chihuahua%20Adult%20dry/RC-BHN-Chihuahua-Adult-dry%20(6).jpg
3182550728102,128380,2210001500, ROYAL CANIN CHIHUAHUA ADULT - Csivava felnőtt kutya száraz táp ,1.5,CHIHUAHUA ADULT,BHN,Kutya száraz tápok,,,visible,4229,,https://github.com/totapp91/Royal-Canin/raw/main/Royal%20Canin%20kutya%20eledelek/BHN%20-%20Breed%20Health%20Nutrition/BHN%20-%20DRY/Chihuahua%20Adult%20dry/RC-BHN-Chihuahua-Adult-dry%20(1).jpg|https://github.com/totapp91/Royal-Canin/raw/main/Royal%20Canin%20kutya%20eledelek/BHN%20-%20Breed%20Health%20Nutrition/BHN%20-%20DRY/Chihuahua%20Adult%20dry/RC-BHN-Chihuahua-Adult-dry%20(1).png|https://github.com/totapp91/Royal-Canin/raw/main/Royal%20Canin%20kutya%20eledelek/BHN%20-%20Breed%20Health%20Nutrition/BHN%20-%20DRY/Chihuahua%20Adult%20dry/RC-BHN-Chihuahua-Adult-dry%20(2).jpg|https://github.com/totapp91/Royal-Canin/raw/main/Royal%20Canin%20kutya%20eledelek/BHN%20-%20Breed%20Health%20Nutrition/BHN%20-%20DRY/Chihuahua%20Adult%20dry/RC-BHN-Chihuahua-Adult-dry%20(2).png|https://github.com/totapp91/Royal-Canin/raw/main/Royal%20Canin%20kutya%20eledelek/BHN%20-%20Breed%20Health%20Nutrition/BHN%20-%20DRY/Chihuahua%20Adult%20dry/RC-BHN-Chihuahua-Adult-dry%20(3).jpg|https://github.com/totapp91/Royal-Canin/raw/main/Royal%20Canin%20kutya%20eledelek/BHN%20-%20Breed%20Health%20Nutrition/BHN%20-%20DRY/Chihuahua%20Adult%20dry/RC-BHN-Chihuahua-Adult-dry%20(4).jpg|https://github.com/totapp91/Royal-Canin/raw/main/Royal%20Canin%20kutya%20eledelek/BHN%20-%20Breed%20Health%20Nutrition/BHN%20-%20DRY/Chihuahua%20Adult%20dry/RC-BHN-Chihuahua-Adult-dry%20(5).jpg|https://github.com/totapp91/Royal-Canin/raw/main/Royal%20Canin%20kutya%20eledelek/BHN%20-%20Breed%20Health%20Nutrition/BHN%20-%20DRY/Chihuahua%20Adult%20dry/RC-BHN-Chihuahua-Adult-dry%20(6).jpg
3182550743938,129000,3966003000, ROYAL CANIN BOXER JUNIOR - Boxer kölyök kutya száraz táp  ,3,BOXER PUPPY,BHN,Kutya száraz tápok,,,visible,6922,,https://github.com/totapp91/Royal-Canin/raw/main/Royal%20Canin%20kutya%20eledelek/BHN%20-%20Breed%20Health%20Nutrition/BHN%20-%20DRY/Boxer%20Puppy%20dry/RC-BHN-Boxer-Puppy-dry%20(1).jpg|https://github.com/totapp91/Royal-Canin/raw/main/Royal%20Canin%20kutya%20eledelek/BHN%20-%20Breed%20Health%20Nutrition/BHN%20-%20DRY/Boxer%20Puppy%20dry/RC-BHN-Boxer-Puppy-dry%20(1).png|https://github.com/totapp91/Royal-Canin/raw/main/Royal%20Canin%20kutya%20eledelek/BHN%20-%20Breed%20Health%20Nutrition/BHN%20-%20DRY/Boxer%20Puppy%20dry/RC-BHN-Boxer-Puppy-dry%20(2).jpg|https://github.com/totapp91/Royal-Canin/raw/main/Royal%20Canin%20kutya%20eledelek/BHN%20-%20Breed%20Health%20Nutrition/BHN%20-%20DRY/Boxer%20Puppy%20dry/RC-BHN-Boxer-Puppy-dry%20(2).png|https://github.com/totapp91/Royal-Canin/raw/main/Royal%20Canin%20kutya%20eledelek/BHN%20-%20Breed%20Health%20Nutrition/BHN%20-%20DRY/Boxer%20Puppy%20dry/RC-BHN-Boxer-Puppy-dry%20(3).jpg|https://github.com/totapp91/Royal-Canin/raw/main/Royal%20Canin%20kutya%20eledelek/BHN%20-%20Breed%20Health%20Nutrition/BHN%20-%20DRY/Boxer%20Puppy%20dry/RC-BHN-Boxer-Puppy-dry%20(4).jpg|https://github.com/totapp91/Royal-Canin/raw/main/Royal%20Canin%20kutya%20eledelek/BHN%20-%20Breed%20Health%20Nutrition/BHN%20-%20DRY/Boxer%20Puppy%20dry/RC-BHN-Boxer-Puppy-dry%20(5).jpg|https://github.com/totapp91/Royal-Canin/raw/main/Royal%20Canin%20kutya%20eledelek/BHN%20-%20Breed%20Health%20Nutrition/BHN%20-%20DRY/Boxer%20Puppy%20dry/RC-BHN-Boxer-Puppy-dry%20(6).jpg
3182550743945,129010,3966012000, ROYAL CANIN BOXER JUNIOR - Boxer kölyök kutya száraz táp  ,12,BOXER PUPPY,BHN,Kutya száraz tápok,,,visible,22670,,https://github.com/totapp91/Royal-Canin/raw/main/Royal%20Canin%20kutya%20eledelek/BHN%20-%20Breed%20Health%20Nutrition/BHN%20-%20DRY/Boxer%20Puppy%20dry/RC-BHN-Boxer-Puppy-dry%20(1).jpg|https://github.com/totapp91/Royal-Canin/raw/main/Royal%20Canin%20kutya%20eledelek/BHN%20-%20Breed%20Health%20Nutrition/BHN%20-%20DRY/Boxer%20Puppy%20dry/RC-BHN-Boxer-Puppy-dry%20(1).png|https://github.com/totapp91/Royal-Canin/raw/main/Royal%20Canin%20kutya%20eledelek/BHN%20-%20Breed%20Health%20Nutrition/BHN%20-%20DRY/Boxer%20Puppy%20dry/RC-BHN-Boxer-Puppy-dry%20(2).jpg|https://github.com/totapp91/Royal-Canin/raw/main/Royal%20Canin%20kutya%20eledelek/BHN%20-%20Breed%20Health%20Nutrition/BHN%20-%20DRY/Boxer%20Puppy%20dry/RC-BHN-Boxer-Puppy-dry%20(2).png|https://github.com/totapp91/Royal-Canin/raw/main/Royal%20Canin%20kutya%20eledelek/BHN%20-%20Breed%20Health%20Nutrition/BHN%20-%20DRY/Boxer%20Puppy%20dry/RC-BHN-Boxer-Puppy-dry%20(3).jpg|https://github.com/totapp91/Royal-Canin/raw/main/Royal%20Canin%20kutya%20eledelek/BHN%20-%20Breed%20Health%20Nutrition/BHN%20-%20DRY/Boxer%20Puppy%20dry/RC-BHN-Boxer-Puppy-dry%20(4).jpg|https://github.com/totapp91/Royal-Canin/raw/main/Royal%20Canin%20kutya%20eledelek/BHN%20-%20Breed%20Health%20Nutrition/BHN%20-%20DRY/Boxer%20Puppy%20dry/RC-BHN-Boxer-Puppy-dry%20(5).jpg|https://github.com/totapp91/Royal-Canin/raw/main/Royal%20Canin%20kutya%20eledelek/BHN%20-%20Breed%20Health%20Nutrition/BHN%20-%20DRY/Boxer%20Puppy%20dry/RC-BHN-Boxer-Puppy-dry%20(6).jpg
3182550813235,190500,4134000500, ROYAL CANIN BICHON FRISE ADULT - Bichon Frise felnőtt kutya száraz táp  ,0.5,BICHON FRISE ADULT,BHN,Kutya száraz tápok,,,visible,1651,,https://github.com/totapp91/Royal-Canin/raw/main/Royal%20Canin%20kutya%20eledelek/BHN%20-%20Breed%20Health%20Nutrition/BHN%20-%20DRY/Bichon%20Frise%20Adult%20dry/RC-BHN-Bichon-Frise-Adult-dry%20(1).jpg|https://github.com/totapp91/Royal-Canin/raw/main/Royal%20Canin%20kutya%20eledelek/BHN%20-%20Breed%20Health%20Nutrition/BHN%20-%20DRY/Bichon%20Frise%20Adult%20dry/RC-BHN-Bichon-Frise-Adult-dry%20(1).png|https://github.com/totapp91/Royal-Canin/raw/main/Royal%20Canin%20kutya%20eledelek/BHN%20-%20Breed%20Health%20Nutrition/BHN%20-%20DRY/Bichon%20Frise%20Adult%20dry/RC-BHN-Bichon-Frise-Adult-dry%20(2).jpg|https://github.com/totapp91/Royal-Canin/raw/main/Royal%20Canin%20kutya%20eledelek/BHN%20-%20Breed%20Health%20Nutrition/BHN%20-%20DRY/Bichon%20Frise%20Adult%20dry/RC-BHN-Bichon-Frise-Adult-dry%20(2).png|https://github.com/totapp91/Royal-Canin/raw/main/Royal%20Canin%20kutya%20eledelek/BHN%20-%20Breed%20Health%20Nutrition/BHN%20-%20DRY/Bichon%20Frise%20Adult%20dry/RC-BHN-Bichon-Frise-Adult-dry%20(3).jpg|https://github.com/totapp91/Royal-Canin/raw/main/Royal%20Canin%20kutya%20eledelek/BHN%20-%20Breed%20Health%20Nutrition/BHN%20-%20DRY/Bichon%20Frise%20Adult%20dry/RC-BHN-Bichon-Frise-Adult-dry%20(4).jpg|https://github.com/totapp91/Royal-Canin/raw/main/Royal%20Canin%20kutya%20eledelek/BHN%20-%20Breed%20Health%20Nutrition/BHN%20-%20DRY/Bichon%20Frise%20Adult%20dry/RC-BHN-Bichon-Frise-Adult-dry%20(5).jpg|https://github.com/totapp91/Royal-Canin/raw/main/Royal%20Canin%20kutya%20eledelek/BHN%20-%20Breed%20Health%20Nutrition/BHN%20-%20DRY/Bichon%20Frise%20Adult%20dry/RC-BHN-Bichon-Frise-Adult-dry%20(6).jpg|https://github.com/totapp91/Royal-Canin/raw/main/Royal%20Canin%20kutya%20eledelek/BHN%20-%20Breed%20Health%20Nutrition/BHN%20-%20DRY/Bichon%20Frise%20Adult%20dry/RC-BHN-Bichon-Frise-Adult-dry%20(7).jpg
3182550813242,190510,4134001500, ROYAL CANIN BICHON FRISE ADULT - Bichon Frise felnőtt kutya száraz táp  ,1.5,BICHON FRISE ADULT,BHN,Kutya száraz tápok,,,visible,4229,,https://github.com/totapp91/Royal-Canin/raw/main/Royal%20Canin%20kutya%20eledelek/BHN%20-%20Breed%20Health%20Nutrition/BHN%20-%20DRY/Bichon%20Frise%20Adult%20dry/RC-BHN-Bichon-Frise-Adult-dry%20(1).jpg|https://github.com/totapp91/Royal-Canin/raw/main/Royal%20Canin%20kutya%20eledelek/BHN%20-%20Breed%20Health%20Nutrition/BHN%20-%20DRY/Bichon%20Frise%20Adult%20dry/RC-BHN-Bichon-Frise-Adult-dry%20(1).png|https://github.com/totapp91/Royal-Canin/raw/main/Royal%20Canin%20kutya%20eledelek/BHN%20-%20Breed%20Health%20Nutrition/BHN%20-%20DRY/Bichon%20Frise%20Adult%20dry/RC-BHN-Bichon-Frise-Adult-dry%20(2).jpg|https://github.com/totapp91/Royal-Canin/raw/main/Royal%20Canin%20kutya%20eledelek/BHN%20-%20Breed%20Health%20Nutrition/BHN%20-%20DRY/Bichon%20Frise%20Adult%20dry/RC-BHN-Bichon-Frise-Adult-dry%20(2).png|https://github.com/totapp91/Royal-Canin/raw/main/Royal%20Canin%20kutya%20eledelek/BHN%20-%20Breed%20Health%20Nutrition/BHN%20-%20DRY/Bichon%20Frise%20Adult%20dry/RC-BHN-Bichon-Frise-Adult-dry%20(3).jpg|https://github.com/totapp91/Royal-Canin/raw/main/Royal%20Canin%20kutya%20eledelek/BHN%20-%20Breed%20Health%20Nutrition/BHN%20-%20DRY/Bichon%20Frise%20Adult%20dry/RC-BHN-Bichon-Frise-Adult-dry%20(4).jpg|https://github.com/totapp91/Royal-Canin/raw/main/Royal%20Canin%20kutya%20eledelek/BHN%20-%20Breed%20Health%20Nutrition/BHN%20-%20DRY/Bichon%20Frise%20Adult%20dry/RC-BHN-Bichon-Frise-Adult-dry%20(5).jpg|https://github.com/totapp91/Royal-Canin/raw/main/Royal%20Canin%20kutya%20eledelek/BHN%20-%20Breed%20Health%20Nutrition/BHN%20-%20DRY/Bichon%20Frise%20Adult%20dry/RC-BHN-Bichon-Frise-Adult-dry%20(6).jpg|https://github.com/totapp91/Royal-Canin/raw/main/Royal%20Canin%20kutya%20eledelek/BHN%20-%20Breed%20Health%20Nutrition/BHN%20-%20DRY/Bichon%20Frise%20Adult%20dry/RC-BHN-Bichon-Frise-Adult-dry%20(7).jpg
3182550864084,236580,4370000400, ROYAL CANIN BENGAL ADULT - Bengáli felnőtt macska száraz táp  ,0.4,BENGAL ADULT,FBN,Macska száraz tápok,,,visible,1740,,https://github.com/totapp91/Royal-Canin/raw/main/Royal%20Canin%20macska%20eledelek/FBN%20-%20Feline%20Breed%20Nutrition/FBN%20-%20DRY/Bengal%20Adult%20dry/RC-FBN-Bengal-Adult-dry%20(1).jpg|https://github.com/totapp91/Royal-Canin/raw/main/Royal%20Canin%20macska%20eledelek/FBN%20-%20Feline%20Breed%20Nutrition/FBN%20-%20DRY/Bengal%20Adult%20dry/RC-FBN-Bengal-Adult-dry%20(1).png|https://github.com/totapp91/Royal-Canin/raw/main/Royal%20Canin%20macska%20eledelek/FBN%20-%20Feline%20Breed%20Nutrition/FBN%20-%20DRY/Bengal%20Adult%20dry/RC-FBN-Bengal-Adult-dry%20(2).jpg|https://github.com/totapp91/Royal-Canin/raw/main/Royal%20Canin%20macska%20eledelek/FBN%20-%20Feline%20Breed%20Nutrition/FBN%20-%20DRY/Bengal%20Adult%20dry/RC-FBN-Bengal-Adult-dry%20(2).png|https://github.com/totapp91/Royal-Canin/raw/main/Royal%20Canin%20macska%20eledelek/FBN%20-%20Feline%20Breed%20Nutrition/FBN%20-%20DRY/Bengal%20Adult%20dry/RC-FBN-Bengal-Adult-dry%20(3).jpg|https://github.com/totapp91/Royal-Canin/raw/main/Royal%20Canin%20macska%20eledelek/FBN%20-%20Feline%20Breed%20Nutrition/FBN%20-%20DRY/Bengal%20Adult%20dry/RC-FBN-Bengal-Adult-dry%20(4).jpg|https://github.com/totapp91/Royal-Canin/raw/main/Royal%20Canin%20macska%20eledelek/FBN%20-%20Feline%20Breed%20Nutrition/FBN%20-%20DRY/Bengal%20Adult%20dry/RC-FBN-Bengal-Adult-dry%20(5).jpg|https://github.com/totapp91/Royal-Canin/raw/main/Royal%20Canin%20macska%20eledelek/FBN%20-%20Feline%20Breed%20Nutrition/FBN%20-%20DRY/Bengal%20Adult%20dry/RC-FBN-Bengal-Adult-dry%20(6).jpg|https://github.com/totapp91/Royal-Canin/raw/main/Royal%20Canin%20macska%20eledelek/FBN%20-%20Feline%20Breed%20Nutrition/FBN%20-%20DRY/Bengal%20Adult%20dry/RC-FBN-Bengal-Adult-dry%20(7).jpg
3182550864091,236590,4370002000, ROYAL CANIN BENGAL ADULT - Bengáli felnőtt macska száraz táp  ,2,BENGAL ADULT,FBN,Macska száraz tápok,,,visible,7722,,https://github.com/totapp91/Royal-Canin/raw/main/Royal%20Canin%20macska%20eledelek/FBN%20-%20Feline%20Breed%20Nutrition/FBN%20-%20DRY/Bengal%20Adult%20dry/RC-FBN-Bengal-Adult-dry%20(1).jpg|https://github.com/totapp91/Royal-Canin/raw/main/Royal%20Canin%20macska%20eledelek/FBN%20-%20Feline%20Breed%20Nutrition/FBN%20-%20DRY/Bengal%20Adult%20dry/RC-FBN-Bengal-Adult-dry%20(1).png|https://github.com/totapp91/Royal-Canin/raw/main/Royal%20Canin%20macska%20eledelek/FBN%20-%20Feline%20Breed%20Nutrition/FBN%20-%20DRY/Bengal%20Adult%20dry/RC-FBN-Bengal-Adult-dry%20(2).jpg|https://github.com/totapp91/Royal-Canin/raw/main/Royal%20Canin%20macska%20eledelek/FBN%20-%20Feline%20Breed%20Nutrition/FBN%20-%20DRY/Bengal%20Adult%20dry/RC-FBN-Bengal-Adult-dry%20(2).png|https://github.com/totapp91/Royal-Canin/raw/main/Royal%20Canin%20macska%20eledelek/FBN%20-%20Feline%20Breed%20Nutrition/FBN%20-%20DRY/Bengal%20Adult%20dry/RC-FBN-Bengal-Adult-dry%20(3).jpg|https://github.com/totapp91/Royal-Canin/raw/main/Royal%20Canin%20macska%20eledelek/FBN%20-%20Feline%20Breed%20Nutrition/FBN%20-%20DRY/Bengal%20Adult%20dry/RC-FBN-Bengal-Adult-dry%20(4).jpg|https://github.com/totapp91/Royal-Canin/raw/main/Royal%20Canin%20macska%20eledelek/FBN%20-%20Feline%20Breed%20Nutrition/FBN%20-%20DRY/Bengal%20Adult%20dry/RC-FBN-Bengal-Adult-dry%20(5).jpg|https://github.com/totapp91/Royal-Canin/raw/main/Royal%20Canin%20macska%20eledelek/FBN%20-%20Feline%20Breed%20Nutrition/FBN%20-%20DRY/Bengal%20Adult%20dry/RC-FBN-Bengal-Adult-dry%20(6).jpg|https://github.com/totapp91/Royal-Canin/raw/main/Royal%20Canin%20macska%20eledelek/FBN%20-%20Feline%20Breed%20Nutrition/FBN%20-%20DRY/Bengal%20Adult%20dry/RC-FBN-Bengal-Adult-dry%20(7).jpg
3182550865111,237660,4370010000, ROYAL CANIN BENGAL ADULT - Bengáli felnőtt macska száraz táp  ,10,BENGAL ADULT,FBN,Macska száraz tápok,,,visible,28194,,https://github.com/totapp91/Royal-Canin/raw/main/Royal%20Canin%20macska%20eledelek/FBN%20-%20Feline%20Breed%20Nutrition/FBN%20-%20DRY/Bengal%20Adult%20dry/RC-FBN-Bengal-Adult-dry%20(1).jpg|https://github.com/totapp91/Royal-Canin/raw/main/Royal%20Canin%20macska%20eledelek/FBN%20-%20Feline%20Breed%20Nutrition/FBN%20-%20DRY/Bengal%20Adult%20dry/RC-FBN-Bengal-Adult-dry%20(1).png|https://github.com/totapp91/Royal-Canin/raw/main/Royal%20Canin%20macska%20eledelek/FBN%20-%20Feline%20Breed%20Nutrition/FBN%20-%20DRY/Bengal%20Adult%20dry/RC-FBN-Bengal-Adult-dry%20(2).jpg|https://github.com/totapp91/Royal-Canin/raw/main/Royal%20Canin%20macska%20eledelek/FBN%20-%20Feline%20Breed%20Nutrition/FBN%20-%20DRY/Bengal%20Adult%20dry/RC-FBN-Bengal-Adult-dry%20(2).png|https://github.com/totapp91/Royal-Canin/raw/main/Royal%20Canin%20macska%20eledelek/FBN%20-%20Feline%20Breed%20Nutrition/FBN%20-%20DRY/Bengal%20Adult%20dry/RC-FBN-Bengal-Adult-dry%20(3).jpg|https://github.com/totapp91/Royal-Canin/raw/main/Royal%20Canin%20macska%20eledelek/FBN%20-%20Feline%20Breed%20Nutrition/FBN%20-%20DRY/Bengal%20Adult%20dry/RC-FBN-Bengal-Adult-dry%20(4).jpg|https://github.com/totapp91/Royal-Canin/raw/main/Royal%20Canin%20macska%20eledelek/FBN%20-%20Feline%20Breed%20Nutrition/FBN%20-%20DRY/Bengal%20Adult%20dry/RC-FBN-Bengal-Adult-dry%20(5).jpg|https://github.com/totapp91/Royal-Canin/raw/main/Royal%20Canin%20macska%20eledelek/FBN%20-%20Feline%20Breed%20Nutrition/FBN%20-%20DRY/Bengal%20Adult%20dry/RC-FBN-Bengal-Adult-dry%20(6).jpg|https://github.com/totapp91/Royal-Canin/raw/main/Royal%20Canin%20macska%20eledelek/FBN%20-%20Feline%20Breed%20Nutrition/FBN%20-%20DRY/Bengal%20Adult%20dry/RC-FBN-Bengal-Adult-dry%20(7).jpg
3182550821766,197800,2106003000, ROYAL CANIN BEAGLE ADULT - Beagle felnőtt kutya száraz táp  ,3,BEAGLE ADULT,BHN,Kutya száraz tápok,,,visible,6248,,https://github.com/totapp91/Royal-Canin/raw/main/Royal%20Canin%20kutya%20eledelek/BHN%20-%20Breed%20Health%20Nutrition/BHN%20-%20DRY/Beagle%20Adult%20dry/RC-BHN-Beagle-Adult-dry%20(1).jpg|https://github.com/totapp91/Royal-Canin/raw/main/Royal%20Canin%20kutya%20eledelek/BHN%20-%20Breed%20Health%20Nutrition/BHN%20-%20DRY/Beagle%20Adult%20dry/RC-BHN-Beagle-Adult-dry%20(1).png|https://github.com/totapp91/Royal-Canin/raw/main/Royal%20Canin%20kutya%20eledelek/BHN%20-%20Breed%20Health%20Nutrition/BHN%20-%20DRY/Beagle%20Adult%20dry/RC-BHN-Beagle-Adult-dry%20(2).jpg|https://github.com/totapp91/Royal-Canin/raw/main/Royal%20Canin%20kutya%20eledelek/BHN%20-%20Breed%20Health%20Nutrition/BHN%20-%20DRY/Beagle%20Adult%20dry/RC-BHN-Beagle-Adult-dry%20(2).png|https://github.com/totapp91/Royal-Canin/raw/main/Royal%20Canin%20kutya%20eledelek/BHN%20-%20Breed%20Health%20Nutrition/BHN%20-%20DRY/Beagle%20Adult%20dry/RC-BHN-Beagle-Adult-dry%20(3).jpg|https://github.com/totapp91/Royal-Canin/raw/main/Royal%20Canin%20kutya%20eledelek/BHN%20-%20Breed%20Health%20Nutrition/BHN%20-%20DRY/Beagle%20Adult%20dry/RC-BHN-Beagle-Adult-dry%20(4).jpg|https://github.com/totapp91/Royal-Canin/raw/main/Royal%20Canin%20kutya%20eledelek/BHN%20-%20Breed%20Health%20Nutrition/BHN%20-%20DRY/Beagle%20Adult%20dry/RC-BHN-Beagle-Adult-dry%20(5).jpg|https://github.com/totapp91/Royal-Canin/raw/main/Royal%20Canin%20kutya%20eledelek/BHN%20-%20Breed%20Health%20Nutrition/BHN%20-%20DRY/Beagle%20Adult%20dry/RC-BHN-Beagle-Adult-dry%20(6).jpg|https://github.com/totapp91/Royal-Canin/raw/main/Royal%20Canin%20kutya%20eledelek/BHN%20-%20Breed%20Health%20Nutrition/BHN%20-%20DRY/Beagle%20Adult%20dry/RC-BHN-Beagle-Adult-dry%20(7).jpg
3182550821773,197810,2106012000, ROYAL CANIN BEAGLE ADULT - Beagle felnőtt kutya száraz táp  ,12,BEAGLE ADULT,BHN,Kutya száraz tápok,,,visible,20701,,https://github.com/totapp91/Royal-Canin/raw/main/Royal%20Canin%20kutya%20eledelek/BHN%20-%20Breed%20Health%20Nutrition/BHN%20-%20DRY/Beagle%20Adult%20dry/RC-BHN-Beagle-Adult-dry%20(1).jpg|https://github.com/totapp91/Royal-Canin/raw/main/Royal%20Canin%20kutya%20eledelek/BHN%20-%20Breed%20Health%20Nutrition/BHN%20-%20DRY/Beagle%20Adult%20dry/RC-BHN-Beagle-Adult-dry%20(1).png|https://github.com/totapp91/Royal-Canin/raw/main/Royal%20Canin%20kutya%20eledelek/BHN%20-%20Breed%20Health%20Nutrition/BHN%20-%20DRY/Beagle%20Adult%20dry/RC-BHN-Beagle-Adult-dry%20(2).jpg|https://github.com/totapp91/Royal-Canin/raw/main/Royal%20Canin%20kutya%20eledelek/BHN%20-%20Breed%20Health%20Nutrition/BHN%20-%20DRY/Beagle%20Adult%20dry/RC-BHN-Beagle-Adult-dry%20(2).png|https://github.com/totapp91/Royal-Canin/raw/main/Royal%20Canin%20kutya%20eledelek/BHN%20-%20Breed%20Health%20Nutrition/BHN%20-%20DRY/Beagle%20Adult%20dry/RC-BHN-Beagle-Adult-dry%20(3).jpg|https://github.com/totapp91/Royal-Canin/raw/main/Royal%20Canin%20kutya%20eledelek/BHN%20-%20Breed%20Health%20Nutrition/BHN%20-%20DRY/Beagle%20Adult%20dry/RC-BHN-Beagle-Adult-dry%20(4).jpg|https://github.com/totapp91/Royal-Canin/raw/main/Royal%20Canin%20kutya%20eledelek/BHN%20-%20Breed%20Health%20Nutrition/BHN%20-%20DRY/Beagle%20Adult%20dry/RC-BHN-Beagle-Adult-dry%20(5).jpg|https://github.com/totapp91/Royal-Canin/raw/main/Royal%20Canin%20kutya%20eledelek/BHN%20-%20Breed%20Health%20Nutrition/BHN%20-%20DRY/Beagle%20Adult%20dry/RC-BHN-Beagle-Adult-dry%20(6).jpg|https://github.com/totapp91/Royal-Canin/raw/main/Royal%20Canin%20kutya%20eledelek/BHN%20-%20Breed%20Health%20Nutrition/BHN%20-%20DRY/Beagle%20Adult%20dry/RC-BHN-Beagle-Adult-dry%20(7).jpg
